company_id,company_name,industry,employees,annual_revenue,energy_consumption,water_consumption,waste_generated,recycling_rate,renewable_energy,transport_emissions,carbon_emissions,sustainability_score
1,Company_0001,Retail,17,14882699.9,211015.65,7407.13,106.98,72.96,54.54,592.54,423.69,42.56
2,Company_0002,Agriculture,263,12119970.84,457771.15,35942.97,702.82,45.66,44.92,281.8,371.56,35.62
3,Company_0003,Logistics,362,8567765.08,236739.65,11158.03,764.68,18.69,37.99,362.18,384.32,21.14
4,Company_0004,Manufacturing,378,9296612.62,117364.41,46153.62,83.41,34.92,62.86,886.02,566.23,28.87
5,Company_0005,Retail,28,13293013.71,622993.31,49268.47,856.04,83.65,38.01,456.14,541.16,27.38
6,Company_0006,Technology,112,13469468.45,567419.84,34335.61,76.05,63.97,53.41,248.59,293.17,48.76
7,Company_0007,Agriculture,355,6620798.14,619284.59,3268.93,822.69,78.43,40.12,70.86,302.48,42.9
8,Company_0008,Technology,113,13177685.57,328592.88,45770.11,461.56,32.51,24.66,563.56,484.26,23.92
9,Company_0009,Hospitality,190,4542551.03,798079.33,25721.55,95.45,14,10.96,629.31,575.58,14.94
10,Company_0010,Retail,202,7756061.87,796974.68,26691.16,971.22,83.17,1.15,722.12,764.56,11.02
11,Company_0011,Healthcare,398,12891043.61,107010.7,22020.88,456.46,91.07,87.59,267.07,245.45,59.09
12,Company_0012,Retail,450,12580943.83,676502.09,25629.31,202.92,41.78,16.15,953.73,753.35,17.66
13,Company_0013,Technology,255,585639.5,744696.92,43996.73,832.51,36.14,5.79,878.62,819.28,0
14,Company_0014,Construction,422,1570407.87,613269.69,38408.8,132.75,50.4,54.98,268.73,317.02,45.32
15,Company_0015,Agriculture,480,10878062.56,589346.23,10456.98,315.16,94.59,64.99,440.91,448.81,46.48
16,Company_0016,Agriculture,37,6894094.13,478880.8,11890.68,224.12,16.03,63.11,232.8,274.91,43.68
17,Company_0017,Retail,268,4912491.76,541802.67,11104.72,136.65,89.52,57.1,475.31,425.44,53.89
18,Company_0018,Agriculture,53,2119230.12,356219.92,21467.14,469.69,71.97,67.34,984.24,748.08,27.21
19,Company_0019,Technology,414,17261116.22,213951.94,9915.34,451.37,45.86,27.85,253.56,254.86,38.08
20,Company_0020,Retail,30,13112468.9,441658.59,1230.51,97.8,74.05,23.64,409.38,361.09,47.61
21,Company_0021,Manufacturing,89,7703667.76,788540.9,13627.55,785.15,48.68,42.3,957.53,869.52,7.9
22,Company_0022,Construction,84,3959977.77,189806.7,3394.92,737.06,15.18,31.36,54.89,181.41,35.98
23,Company_0023,Logistics,34,19223422.28,82486.94,9698.34,597.06,67.39,23.52,124.29,166.95,43.2
24,Company_0024,Manufacturing,322,1823271.43,532751.07,28478.73,319.79,32.17,66.97,317.61,366.41,35.43
25,Company_0025,Healthcare,239,6460308.49,606454.3,4090.88,460.99,94.87,99.61,77.89,263.23,62.37
26,Company_0026,Technology,456,1562068.02,210541.84,14606.88,440.99,56.17,30.25,983.93,693,20.22
27,Company_0027,Healthcare,482,13335096.56,752365.4,7147.41,119.85,19.1,55.32,275.99,359.57,38.54
28,Company_0028,Agriculture,356,12757911.59,225907.44,24682.33,905.81,81.92,9.23,426.46,442.69,23.9
29,Company_0029,Logistics,331,19599999.49,146033.94,22370.86,707.14,57.68,11.19,945.33,695.96,9.51
30,Company_0030,Manufacturing,432,7510476.49,450969.58,21774.44,46.62,41,93.31,972.34,702.34,31.79
31,Company_0031,Agriculture,346,2235313.71,628490.67,44264.67,409.35,62.76,15.46,930.23,759.37,20.46
32,Company_0032,Logistics,456,8363429.33,159901.32,46262.12,783.47,45,66.99,736.38,594.36,21.73
33,Company_0033,Retail,200,17468902.3,689702.74,11510.47,817.5,49.13,30.52,796.37,768.32,4.99
34,Company_0034,Agriculture,209,6699586.63,694195.29,48361.01,282.73,64.53,39.97,981.24,793.98,25.29
35,Company_0035,Retail,454,19413932.1,159282.9,48145.45,269.14,19.21,43.46,729.9,511.86,25.6
36,Company_0036,Retail,202,18010193.71,168261.44,2697.13,438.88,54.19,80.65,688.42,502.14,41.45
37,Company_0037,Agriculture,191,8739688.51,760122.1,46078.16,625.04,66.39,12.46,900.55,813.97,12.25
38,Company_0038,Technology,211,14004726.6,452441.73,9996.08,666.6,42.23,74.81,178.16,308.61,40.82
39,Company_0039,Manufacturing,160,5880891.59,355312.76,29209.25,656.43,49.52,44.22,217.63,308.41,41.61
40,Company_0040,Logistics,342,1878951.63,422052.57,31830.57,338.51,79.57,75.11,674.43,556.45,39.85
41,Company_0041,Manufacturing,28,5047882.37,390606.35,42562.02,77.46,45.23,62.98,198.46,214.42,52.16
42,Company_0042,Agriculture,80,13189948.62,24324.96,37672.74,771.2,19.06,42.51,180.01,210.61,33.28
43,Company_0043,Manufacturing,290,5134125.94,681702.35,23094.86,802.41,66.74,98.79,597.48,630.27,38.81
44,Company_0044,Hospitality,430,18155723.66,367812.62,8378.32,862.19,48.26,75.18,840.66,720.13,23.09
45,Company_0045,Construction,325,4937068.1,363100.62,35820.47,238.32,38.55,89.3,85.17,174.61,54.62
46,Company_0046,Logistics,366,4436266.97,343596.96,16878.63,468.59,15.29,83.29,392.53,376.31,40.27
47,Company_0047,Manufacturing,443,17637002.12,469038.47,24110.5,943.03,35.38,39,892.18,777.31,6.37
48,Company_0048,Agriculture,254,4544548.37,359952.06,1936.73,339.45,67.73,40.43,169.22,233.09,45.4
49,Company_0049,Manufacturing,469,8001601.08,460225.75,1841.55,644.54,21.53,46.17,55.03,237.17,31.82
50,Company_0050,Technology,177,15272348.22,315718.45,37724.49,832.76,31.44,8.19,24.29,207.63,33.71
51,Company_0051,Technology,119,13072853.05,629361.78,32761.86,755.46,90.72,19.94,25.28,282.78,39.35
52,Company_0052,Retail,293,18965589.04,382726.51,13184.06,372.05,61.5,96.37,719.77,567.8,38.25
53,Company_0053,Healthcare,60,11657957.7,744531.99,29001.94,908.49,41.9,94.15,202.34,431.97,39.66
54,Company_0054,Agriculture,57,14004421.45,255234.49,34370.82,806.5,77.68,56.59,45.86,201.64,52.19
55,Company_0055,Retail,264,13021356.43,29868.68,21292.91,492.75,46.85,36.22,892.12,607.46,18.95
56,Company_0056,Logistics,380,10530585.59,527356.78,30987.66,920.02,75.84,46.49,826.61,753.96,17.28
57,Company_0057,Agriculture,430,18705513.2,237564.03,22814.7,751.72,58.44,66.82,339.71,366.09,38.52
58,Company_0058,Construction,113,7225534.33,221514.88,14343.1,598.17,84.81,55.58,519.04,452.71,39.62
59,Company_0059,Hospitality,255,11192488.99,207452.67,24066.61,713.28,48.09,1.72,297.76,329.42,24.41
60,Company_0060,Technology,247,11158764.51,288130.77,49833.26,552.64,39.9,45.37,310.09,336.37,37.54
61,Company_0061,Technology,66,14909045.06,761684.5,34663.1,195.58,72.78,27.65,591.64,559.54,34.27
62,Company_0062,Retail,431,4043528.05,197436.87,9382.36,19.08,55.4,27.43,974.42,625.81,29.78
63,Company_0063,Logistics,331,17395531.71,402885.38,43699.63,576.19,49.9,44.05,188.44,299.19,43.53
64,Company_0064,Construction,63,16477889.78,332551.8,4167.07,631.3,14.56,14.92,565.03,510.77,18.13
65,Company_0065,Retail,290,15335980.22,492927.77,39641.67,229.56,54.42,45.05,445.51,407.77,44.26
66,Company_0066,Healthcare,296,12496340.96,495512.11,37134.42,947.85,27.66,21.1,662.13,660.19,3.02
67,Company_0067,Retail,85,252979.31,371392.89,29893.65,294.8,29.68,70.7,704.47,550.67,32.22
68,Company_0068,Healthcare,408,15866705.35,480035.88,40293.33,201.83,19.76,22.48,153.24,236.91,31.49
69,Company_0069,Manufacturing,89,15894045.61,484134.35,41299.89,921.59,47.33,46.87,307.57,435.76,25.62
70,Company_0070,Construction,229,1792748.67,51091.41,21885.42,325.71,31.28,9.13,962.1,622.17,15.22
71,Company_0071,Manufacturing,396,13511175.37,230218.6,2491.47,757.49,49.99,65.15,916.49,717.44,21.04
72,Company_0072,Construction,51,9506205.82,338511.51,16392.38,109.08,23.67,41.16,497.99,386.53,32.46
73,Company_0073,Manufacturing,237,1943583.9,216871.1,6238.12,773.69,83.52,82.49,6.15,156.57,59.5
74,Company_0074,Manufacturing,101,10465099.97,505654.42,25175.41,444.83,14.39,26.71,135.36,268.59,33.76
75,Company_0075,Construction,67,771614.96,511417.38,40066.03,711.23,36.41,1.37,410.95,476.61,20.07
76,Company_0076,Retail,241,18951802.7,525213.56,8121.57,932.99,34.81,70.54,418.41,512.65,25.24
77,Company_0077,Construction,287,3063910.98,168676.09,30169.19,747.56,21.6,6.98,773.81,601.5,5.78
78,Company_0078,Healthcare,425,250792.14,586319.77,41955.06,582.02,66.09,86.53,449.31,493.78,40.19
79,Company_0079,Hospitality,238,18670474.66,698289.31,49048.34,242.61,42.55,85.6,413.72,452.83,41.81
80,Company_0080,Hospitality,202,19770597.24,638067.06,32774.94,156.34,92.01,12.62,965.53,755.65,21.79
81,Company_0081,Construction,56,10613831.52,376403.9,36260.97,412.93,65.66,15.44,472.14,419.94,31.73
82,Company_0082,Hospitality,337,1790243.35,276281.16,33880.7,535.95,91.1,62.68,888,672.5,35.4
83,Company_0083,Retail,125,12696988.13,738324.7,49872.58,748.03,46.89,9.84,635.58,660.68,10.74
84,Company_0084,Healthcare,467,773155.54,273012.24,3277.9,361.67,46.61,24.42,414.99,357.86,30.92
85,Company_0085,Logistics,45,12267937.38,318384.55,34315.16,500.18,59.57,23.22,639.72,529.26,28.49
86,Company_0086,Construction,466,5895106.98,446346.55,4156.16,945.51,93.95,29.92,962.22,816.94,16.37
87,Company_0087,Healthcare,106,19987596.6,685601.66,5779.34,384.46,40.51,29.59,700.78,649.1,22.09
88,Company_0088,Hospitality,145,360339.72,694752.57,39026.42,973.73,87.4,74.52,833.67,801.89,27.25
89,Company_0089,Agriculture,315,16078252.76,190823.54,9911.53,254.37,74.22,76.75,682.45,492.6,42.07
90,Company_0090,Manufacturing,163,15814487.58,46024.33,18560.63,135.75,87.32,32.67,418.43,278.91,55.59
91,Company_0091,Technology,276,10135536.29,232571.33,8644.95,914.48,90.26,96.74,298.67,357.11,55.67
92,Company_0092,Construction,498,1690927.35,608238.16,11667.93,677.94,67.32,39.74,846.52,750.52,14.68
93,Company_0093,Hospitality,12,5436279.85,116399.21,18744.99,750.27,32.28,38.1,640.36,518.43,22.14
94,Company_0094,Construction,17,12467027.97,755671.93,16736.31,612.03,65.05,63.54,466.95,546.87,35.47
95,Company_0095,Retail,76,1097866.86,49025.46,49798.41,120.54,29.96,53.75,391.7,257.94,48.33
96,Company_0096,Hospitality,305,14896926.49,140527.86,21036.78,103.53,51.59,40.81,951.76,621.06,27.42
97,Company_0097,Construction,232,19020992.36,687251.15,5418.05,687.25,56.28,97.78,361.88,484.07,37.73
98,Company_0098,Retail,490,16991057.13,374679.55,33307.05,643.5,60.76,2.14,787.86,658.04,10.93
99,Company_0099,Agriculture,40,16630393.18,452282.07,29525.96,813.99,29.8,77.44,789.7,697.07,15.68
100,Company_0100,Logistics,71,10896266.05,642840.78,5941.35,867.12,21.2,35.82,789.49,752.7,0
101,Company_0101,Healthcare,31,2709819.17,348349.23,6125.64,68.24,48.1,36.2,595.7,445.7,33.34
102,Company_0102,Manufacturing,377,15707894.52,696245.11,26311.84,460.75,91.94,6.08,481.59,524.1,34.1
103,Company_0103,Construction,369,18212076.42,77322.76,4499.13,610.26,15.58,27.5,634.91,480.85,15.98
104,Company_0104,Healthcare,237,10209911.27,355555.47,39758.26,118.84,65.65,87.77,553.58,421.55,50.7
105,Company_0105,Agriculture,216,6910846.05,373729.14,21091.49,99.61,46.27,66.51,377.43,331.78,51.27
106,Company_0106,Retail,51,16669083.39,92719.48,5279.94,740.1,79,55.64,588.53,476.08,36.12
107,Company_0107,Retail,215,7201241.98,538965.61,37639.07,868.75,71.29,96.84,602.41,619.47,36.14
108,Company_0108,Agriculture,84,13203378.8,194911,5856.81,846.15,41.24,76.26,576.23,505.24,33.17
109,Company_0109,Manufacturing,316,18595868.96,666979.42,13738.66,184.51,69.73,30.9,343.13,400.18,45
110,Company_0110,Hospitality,40,3009118.15,513874.17,2017.53,747.38,28.29,41.98,344.19,439.69,26.36
111,Company_0111,Retail,457,1241654.76,142779.72,31082.99,675.6,33.13,66.19,488.23,421.13,29.75
112,Company_0112,Retail,181,8712289.94,240932.25,34085.07,489.2,66.71,4.54,398.29,360.6,28.52
113,Company_0113,Healthcare,489,4382432.79,127043.15,13148.22,331.48,10.66,74.7,179.82,181.77,46.41
114,Company_0114,Technology,41,8062009.25,598792.24,22092.87,462.46,16.62,31.31,432.14,470.26,22.52
115,Company_0115,Healthcare,63,8219639.68,773635.76,9007.72,947.88,49.11,68.96,365.04,545.88,22.99
116,Company_0116,Hospitality,306,8128906.36,81344.73,43590.96,747.08,28.83,77.91,81,168.33,45.34
117,Company_0117,Agriculture,468,15569318.94,293857.79,47932.06,647.22,22.55,10.28,259.69,322.89,19.99
118,Company_0118,Retail,95,19035584.38,509800.04,23465.68,565.92,59.25,68.11,882.64,729.06,29.77
119,Company_0119,Technology,447,19425266.67,266588.34,22268.26,471.58,63.67,79.63,593.46,486.42,37.37
120,Company_0120,Construction,236,944623.46,307615.33,14710.31,646.44,93.08,9.03,596.11,523.85,31.61
121,Company_0121,Manufacturing,235,18199189.14,465892.22,9817.85,606.98,52.62,95.77,453.27,463.26,44.93
122,Company_0122,Retail,263,12993316.4,50530.86,35527.27,991.03,54.55,60.98,367.08,363.18,34.16
123,Company_0123,Technology,352,12038140.08,635597.01,32541.62,70.58,18.03,67.84,287.73,327.65,42.38
124,Company_0124,Logistics,175,1813739.35,537617.44,45878.95,313.68,65.76,66.21,133.31,247.27,49.24
125,Company_0125,Hospitality,334,15874906.77,654284.13,33670.76,829.81,72.8,68.54,528.76,592.38,31.15
126,Company_0126,Technology,14,7379433.85,160605.08,11102.54,947.93,51.33,22.65,141.88,265.93,35.66
127,Company_0127,Retail,264,15463319.46,671393.46,44242.27,42.56,38.62,76.63,135.39,247.93,48.67
128,Company_0128,Logistics,374,8865933.42,340469.72,33979.96,241.34,47.76,28.49,749.79,562.21,26.85
129,Company_0129,Healthcare,499,16210752.65,385832.17,41838.11,371,90.51,98.44,464.37,425.09,55.24
130,Company_0130,Hospitality,499,3408751.83,175764.23,30430.84,873.64,14.44,48.06,374.36,380.92,25.37
131,Company_0131,Retail,150,1860727.48,145043.62,22741.3,515.79,80.64,9.17,910.95,643.87,27.2
132,Company_0132,Manufacturing,217,1254486.37,411565.55,12171.01,994.55,41.87,2.82,931.17,793.99,0.4
133,Company_0133,Logistics,75,958403.18,735569.01,23886.52,831.95,74.5,46.91,617.27,660.93,19.75
134,Company_0134,Agriculture,432,3160488.46,753376.24,30639.56,426.14,75.97,23.76,126.24,323.24,43.65
135,Company_0135,Construction,37,2394986.33,726014.57,30038.58,21.35,53.81,24.19,147.86,264.84,45.93
136,Company_0136,Agriculture,297,8448038.39,538209.62,4737.89,974.78,15.75,52.61,509.79,566.88,14.47
137,Company_0137,Hospitality,452,9508674.55,515823.22,49061.45,257.38,11.38,78.85,348.08,361.75,38.59
138,Company_0138,Technology,73,1077846.63,445890.72,40768.69,179.21,76.23,46.46,696.91,543.87,42.03
139,Company_0139,Retail,371,15568569.91,376990.07,15025.41,48.59,26.95,4.19,933.7,651.45,19.29
140,Company_0140,Construction,134,925091.28,524582.39,14662.49,862.83,14.06,65.57,276.85,410.69,24.68
141,Company_0141,Hospitality,385,8906785.35,766053.4,17282.31,190.88,68.83,36.73,798.3,693.79,23.3
142,Company_0142,Hospitality,45,8726021.61,796176.57,9432.6,297.3,18.72,32.79,299.16,414.22,28.99
143,Company_0143,Logistics,358,8989385.95,368761.13,36477.31,912.05,62.26,43.49,641.27,597.93,18.54
144,Company_0144,Hospitality,191,10359103.19,604920.43,8419.34,35.98,82.14,67.81,440.98,418.69,50.07
145,Company_0145,Technology,190,7780517.15,462450.82,30452.19,680.67,90.65,37.2,764.27,664.8,28.65
146,Company_0146,Hospitality,165,13061302.59,214697.09,6115.71,737,52.42,38.7,563.86,497.3,24.37
147,Company_0147,Construction,114,19928029.22,242749.96,45865.71,493.74,20.42,85.28,454.78,389.64,35.96
148,Company_0148,Retail,419,13702199.35,679506.55,16319.59,350.69,15.52,54.22,891.88,740.58,15.43
149,Company_0149,Logistics,411,7357545.23,194908.46,49264.06,793.11,30.12,49.4,364.09,374.7,28.44
150,Company_0150,Logistics,318,17708079.65,71283.52,20208.92,718.35,50.69,41.08,412.39,361.51,30.09
151,Company_0151,Technology,333,1668467.39,383349.9,26109.32,132.69,80.47,55.13,589.85,454.3,43.06
152,Company_0152,Manufacturing,430,2658390.19,139352.06,8650.53,326.05,70.29,34.6,941.2,630.57,32.35
153,Company_0153,Healthcare,105,12774130.41,449656.3,6695.93,306.31,55.35,50.26,172.79,243.2,44.44
154,Company_0154,Technology,436,18493808.56,52131.56,43257.17,85.82,90.63,77.1,268.33,182.69,68.59
155,Company_0155,Manufacturing,259,17802138.25,445550.44,32274.41,305.58,30.81,80.73,409.06,393.59,42.24
156,Company_0156,Logistics,230,8429310.58,382264.88,17339.53,147.95,83.23,31.93,988.08,703.7,29.15
157,Company_0157,Technology,268,11320694.07,268910.39,23590.39,271.13,31.07,9.68,293.76,276.47,33.64
158,Company_0158,Agriculture,497,17333088.53,144565.74,16708.07,579.8,36.58,76.31,500.77,413.28,36.48
159,Company_0159,Healthcare,259,658890.7,757281.59,25519.5,966.85,28.29,35.29,55.29,357.62,27.99
160,Company_0160,Construction,151,10826476.84,680794.45,21830.92,883.04,71.84,76.39,369.11,516.11,37.1
161,Company_0161,Agriculture,190,11153813.95,77354.76,25460.65,765.58,33.78,98.91,682,541,36.36
162,Company_0162,Hospitality,196,15938965.12,284486.53,46977.95,756.19,26.92,50.91,502.58,485.19,19.57
163,Company_0163,Technology,416,9580134.18,376451.08,30509.9,517.93,37.88,61.31,166.69,252,45.05
164,Company_0164,Healthcare,308,6860194.35,666065.72,26850.82,710.2,35.48,81.57,371.52,482.48,36.98
165,Company_0165,Healthcare,412,17995588.66,700237.31,31648.39,598.93,32.57,65.56,972.2,836.65,9.21
166,Company_0166,Manufacturing,303,9712885.92,428901.22,36198.55,775.73,42.32,82.17,245.99,359.73,41.34
167,Company_0167,Agriculture,14,8932563.61,346648.63,20941.53,207.87,52.65,61.15,474.25,385.43,45.8
168,Company_0168,Logistics,270,4305365.76,273538.64,33280.23,527.85,36.67,17.32,912.56,688.25,10.16
169,Company_0169,Healthcare,317,9786766.01,766723.17,14310.82,302.01,90.03,98.23,772.32,686.28,45.97
170,Company_0170,Construction,167,9700107.78,457180.32,46757.03,723.06,34.46,57.35,545.47,532.12,23.39
171,Company_0171,Technology,493,15506673.71,134251.38,2582.29,955.54,16.72,92.4,657.69,556.56,20.03
172,Company_0172,Healthcare,482,11327956.79,231864.74,5906.72,742.19,30.34,5.08,905.66,708.18,1.24
173,Company_0173,Retail,216,6739813.75,388475.05,34219,141.78,91.98,97.79,162.15,202.62,74.46
174,Company_0174,Construction,249,13080666.1,609610.63,14718.63,288.99,15.03,76.87,654.04,583.53,28.73
175,Company_0175,Manufacturing,472,18445123.46,345950.29,41961.44,934.25,13.09,83.62,789.02,696.31,15.99
176,Company_0176,Healthcare,453,941830.28,252745.92,30337.76,928.81,38.48,45.43,643.11,577.89,22.09
177,Company_0177,Logistics,440,10183410.94,232812.92,40536.29,334.03,72.15,64.83,720.01,540.03,38.2
178,Company_0178,Healthcare,295,13553142.57,170665.8,30742.25,640.53,44.47,42.77,331.29,329.5,31.14
179,Company_0179,Logistics,249,6607313.07,213476.73,13408.87,239.34,74.07,95.4,305.44,258.08,56.82
180,Company_0180,Technology,359,4878791.03,540873.17,23537.05,163.92,68.32,92.31,888.36,677.43,41.52
181,Company_0181,Healthcare,193,12369583.87,190920.31,7111.65,157.42,73.56,60.57,418.77,311.62,52.66
182,Company_0182,Agriculture,395,5099815.5,608696.85,43720.19,86.46,47.97,70.38,82.71,203.49,50.43
183,Company_0183,Agriculture,298,10825871.13,148338.98,42797.06,444.63,67.83,71.69,491.38,380.63,46.16
184,Company_0184,Manufacturing,237,2812497.93,344031.17,28413.6,561,67.19,30.82,26.66,181.06,41.93
185,Company_0185,Agriculture,301,1645984.61,350483.96,35169.05,543.46,15.12,89.42,986.21,751.42,15.17
186,Company_0186,Logistics,398,2881491.56,520389.5,36599.83,963.96,41.83,89.13,451.29,527.12,28.65
187,Company_0187,Retail,354,19290058.65,702151.9,7083,860.99,20.08,99.28,396.09,539.79,31.91
188,Company_0188,Manufacturing,392,650159.48,252723.13,33838.24,546.72,55.21,82.34,251.27,289.03,46.74
189,Company_0189,Retail,21,16227668.03,347007.67,38419.65,884.34,11.33,20.61,105.39,281.97,22.78
190,Company_0190,Manufacturing,130,14862713.35,333766.97,12099.79,221.18,83.42,5.64,506.38,414.66,41.64
191,Company_0191,Technology,300,12038769.95,544574.88,16372.92,305.26,22.18,66.02,224.94,310.89,35
192,Company_0192,Logistics,325,13639252.44,453563.52,2820.76,347.69,64.68,38.12,526.84,467.72,35.14
193,Company_0193,Healthcare,197,3840803.78,439584.05,12427.93,229.22,82.89,14.44,465.71,422.55,38.74
194,Company_0194,Hospitality,290,10693837.92,322966.86,13122.28,333.61,16.72,44.98,374.22,344.6,35.07
195,Company_0195,Manufacturing,142,7667925.9,491876.17,2457.6,77.42,78.4,58.76,673.09,534.1,40.77
196,Company_0196,Technology,160,19148991.26,31960.29,46889.41,962.27,19.97,99.96,481.53,436.4,32.18
197,Company_0197,Agriculture,208,18319503.9,450621.85,38887.94,383.76,55.36,35.93,265.25,319.11,40.25
198,Company_0198,Retail,416,19630105.45,386202.53,42066.69,914.76,41.51,41.39,564.71,568.17,15.27
199,Company_0199,Healthcare,288,18708213.36,471731.48,21170.11,156.65,38.04,37.98,834.2,631.96,25.1
200,Company_0200,Technology,136,15314540.39,401124.46,36316.12,740.9,49.17,73.28,355.42,421.87,37.06
201,Company_0201,Logistics,474,17809417.69,792452.36,47883.23,526.32,81.32,7.43,818.91,767.44,11.93
202,Company_0202,Logistics,436,12687892.63,73014.99,7975.97,222.63,48.76,6.05,639.54,416.69,33.91
203,Company_0203,Construction,13,330924.67,450281.98,1086.62,531.77,33.35,97.75,22.06,189.31,53.52
204,Company_0204,Logistics,59,18377367.12,429020.61,12427.96,621.68,31.46,35.44,795.96,676.5,17.95
205,Company_0205,Construction,294,5015516.31,563844.33,15348.74,828.92,16.85,99.17,651.64,655.65,19.96
206,Company_0206,Hospitality,287,9624900.98,516663.5,35290.83,87.27,81.85,64.49,334.61,323.48,60.83
207,Company_0207,Manufacturing,122,4386057.71,697131.17,44433.94,478.12,13.96,7.43,925.96,783.59,0.46
208,Company_0208,Manufacturing,96,18589573.95,265298.06,48092.72,589.1,73.94,71.27,401.3,393.93,42.3
209,Company_0209,Agriculture,295,16726081.09,323542.15,44878.03,335.07,74.23,14,988.54,709.79,21.69
210,Company_0210,Technology,32,2134178.59,201072.32,4262.9,607.14,62.18,59.56,969.08,716.26,25.4
211,Company_0211,Construction,256,4717140.12,451369.43,19083.64,189.81,59.8,38.01,773.31,599.39,27.67
212,Company_0212,Retail,47,5505846.21,316399.99,39302.57,158.51,43.12,36.07,96.06,141.65,48.38
213,Company_0213,Healthcare,57,2823638.69,166165.59,22717.76,556.97,44.68,2.63,357.14,337.51,28.84
214,Company_0214,Technology,447,7827710.76,247640.93,19696.08,89.28,86.6,90.52,978.28,650.83,42.79
215,Company_0215,Hospitality,91,2949033.17,254882.39,24909.64,67.95,46.95,42.11,486.81,364.46,38.6
216,Company_0216,Agriculture,374,12575667.02,483168.99,10179.64,111.44,35.9,94.88,335.56,326.44,53.28
217,Company_0217,Technology,230,6827777.23,656070.87,43045.67,974.35,21.57,32.07,947.54,874.68,0
218,Company_0218,Hospitality,500,6518925.76,593202.01,31828.67,967.92,76.47,32.59,283.9,448.11,29.78
219,Company_0219,Agriculture,308,19945845.53,160343.23,38497.09,31.78,71.81,94.3,213.6,157.06,71.88
220,Company_0220,Retail,424,16986201.01,640135.59,33812.39,143.48,35.74,25.27,158.37,268.12,37.56
221,Company_0221,Construction,311,9688847.06,332627.98,25577.33,920.79,68.8,54.36,791.77,689.15,26.06
222,Company_0222,Retail,60,15425290.15,532929.28,18072.94,648.76,13.77,98.36,679.08,630,26.03
223,Company_0223,Hospitality,59,408845.9,221815.93,25778.47,521.2,59.34,57.52,448.55,394.94,42.8
224,Company_0224,Logistics,181,19954513.96,396561.45,15123.89,920.94,17.3,83.13,731.5,669.21,14.41
225,Company_0225,Agriculture,271,9761934.78,391406.77,22189.21,698.28,37.11,30.03,811.14,686.98,15.7
226,Company_0226,Retail,351,16040992.49,745339.51,37154.23,518.41,56.91,33.1,429.24,512.4,31.72
227,Company_0227,Logistics,100,12881481.76,357064.87,1945.02,616.04,26.77,59.22,391.89,402.71,27.76
228,Company_0228,Retail,300,2214690.56,700143.88,9754.51,329.35,48.89,26.24,863.32,731.88,18.15
229,Company_0229,Hospitality,317,7972371.31,109101.02,17923.25,460.57,24.66,67.36,801.61,558.95,26.83
230,Company_0230,Logistics,165,2533660.72,258196.4,9560.7,694.97,53.42,41.82,142.18,246.43,37.57
231,Company_0231,Logistics,289,3503937.37,245291.12,9761.38,842.78,62.65,86.55,952.08,749.3,21.92
232,Company_0232,Hospitality,498,11319325.13,529394.41,20752.15,494.27,70.36,44.39,171.42,298.03,48.35
233,Company_0233,Agriculture,154,847362.72,195377.86,14789.18,781.84,58.08,77.25,497.84,454.61,38.19
234,Company_0234,Healthcare,401,10953502.41,792897.02,27331.15,758,74.6,44.14,222.45,436.89,38.52
235,Company_0235,Agriculture,157,17521234.96,45139.71,13509.35,862.89,17.39,86.53,121.8,197.56,38.09
236,Company_0236,Technology,445,14272928.4,513561.09,8716.09,143.54,27.56,20.69,64.06,181.34,37.98
237,Company_0237,Logistics,170,19584203.1,248255.06,28850.41,952.64,53.73,90.02,816.11,691.91,27.43
238,Company_0238,Hospitality,475,1373860.55,236312.36,32966.87,702.92,21.28,14.62,325.49,354.86,25.15
239,Company_0239,Hospitality,255,3014998.33,513273.55,31576.73,378.3,16.42,79.46,770.04,639.03,25.81
240,Company_0240,Technology,237,19015030.76,275285.64,622.42,775.26,72.28,73.09,461.16,448.52,39.15
241,Company_0241,Retail,412,10781604.39,189907.35,21767.33,215.79,32.83,82.83,341.07,272.93,49.09
242,Company_0242,Construction,408,7006044.49,552390.5,2896.26,104.08,76.63,45.96,128.62,213.73,55.77
243,Company_0243,Manufacturing,495,8670426.16,796641.37,45515.66,882.74,35.66,87.44,877.21,856.03,11.17
244,Company_0244,Retail,195,13357274.47,526150.74,3063.47,627.48,71.71,75.52,432.08,483.08,36.99
245,Company_0245,Agriculture,249,1743186.69,483070.01,26212.49,447.84,10.69,34.36,124.99,245.73,33.6
246,Company_0246,Construction,41,4733147.98,89678.24,40394.86,107.69,41.24,29.93,385.81,253.79,46.01
247,Company_0247,Logistics,40,10704063.88,26610.3,32676,442.9,71.41,62.81,155.62,158.23,58.83
248,Company_0248,Agriculture,49,17952540.32,129210.25,6596.28,731.36,39.88,42.94,792.12,612.32,20.25
249,Company_0249,Agriculture,288,12099781.42,582520.12,14603.58,941.57,12.28,84.71,876.45,808.63,8.88
250,Company_0250,Agriculture,387,7956670.11,524012.42,39298.18,794.81,30.34,38.59,244.88,384.39,21.86
251,Company_0251,Manufacturing,189,18691703.15,122946.65,43110.29,570.54,41.06,68.29,763.91,555.57,31.72
252,Company_0252,Manufacturing,305,1537144.87,224504.52,2471.43,65.17,77.09,50.66,630.43,434.14,46.04
253,Company_0253,Hospitality,47,12882638.31,439371.18,8057.68,88.18,16.72,92.09,974.44,704.63,24.53
254,Company_0254,Retail,163,14033782.46,589367.53,42400.17,62.62,17.33,43.45,456.1,418.22,29.42
255,Company_0255,Logistics,66,450766.44,127025.2,1061.85,498.93,39.47,51.72,823.39,595.44,22.92
256,Company_0256,Healthcare,380,17751012.24,621715.63,1953.13,808.07,33.12,6.39,713.76,693.36,0.56
257,Company_0257,Construction,266,7330453.13,409695.8,28560.86,370.85,31.68,10.29,576.04,489.22,18.17
258,Company_0258,Manufacturing,27,17202042.38,29584.7,2776.09,367.16,88.22,17.9,960.54,638.09,32.17
259,Company_0259,Hospitality,119,6571679.89,344680.15,36154.25,274.9,16.62,37.28,504.53,412.08,24.36
260,Company_0260,Manufacturing,493,8138311.97,704053.17,43368.6,774.66,36.41,8.64,459.46,560.51,11.04
261,Company_0261,Healthcare,383,12529806.97,381862.82,29788.7,495.89,75.67,19.54,900.94,695.2,19.32
262,Company_0262,Manufacturing,482,8318714.97,201738.24,17647.97,840.38,84.56,95.1,6.45,167.22,64.78
263,Company_0263,Healthcare,58,4262848.58,786830.28,21280.88,961.38,92.67,14.24,283.43,510.09,25.81
264,Company_0264,Hospitality,363,17932443.21,377597.26,37521.02,582.87,52.96,63.72,397.38,408.42,33.9
265,Company_0265,Logistics,126,5975185.28,683712.69,46339.08,395.99,80.71,32.63,455.49,498.95,41.24
266,Company_0266,Logistics,404,15448903.08,104998.81,5730.06,452.32,36.69,12.07,361.5,295.59,30.67
267,Company_0267,Construction,140,17079147.28,90528.29,40476.05,307.69,69.9,60.33,218.95,183.02,53.03
268,Company_0268,Agriculture,500,7243706.56,420498.55,34020.58,263.87,94.21,3.11,407.37,380.08,44.35
269,Company_0269,Agriculture,53,9348456.33,647039.47,7419.76,16.9,80.58,98.26,135.06,228.86,66.87
270,Company_0270,Retail,303,11805151.29,735594.29,4211.87,997.18,26.81,64.6,810.25,817.79,9.74
271,Company_0271,Technology,67,1045387.12,379576.04,8815.47,576.01,79.84,39.5,34.33,188.23,47.98
272,Company_0272,Agriculture,470,3905592.05,238286.55,44229.48,39.48,62.63,24.58,298.63,236.43,48.77
273,Company_0273,Manufacturing,49,5739564.55,127044.09,10373.16,885.23,54.69,63.08,803.16,630.54,28.59
274,Company_0274,Technology,250,10981452.56,398050,45677.51,504.88,43.01,17.98,322.28,364.23,33.78
275,Company_0275,Healthcare,34,16211346.89,387913.82,18192.93,586.07,29.78,15.96,251.62,331.04,27.1
276,Company_0276,Manufacturing,396,19928562.56,191141.04,42402,798.4,40.16,83.92,845.99,671.62,24.19
277,Company_0277,Technology,472,11912937.4,568693.25,17908.27,569.81,22.08,94.84,837.51,713.94,26.37
278,Company_0278,Healthcare,94,9910641.12,90400.75,12014.86,222.71,54.75,0.07,918.31,602.96,17.07
279,Company_0279,Logistics,475,16088004,697209.34,3448.02,151.97,69.9,14.17,115.37,255.79,44.27
280,Company_0280,Retail,196,14149852.59,536468.85,29507.82,339.88,37.42,97.59,733.69,616.58,35.19
281,Company_0281,Construction,337,6482211.19,571602.68,28317.88,890.15,62.17,35.68,667.2,660.45,17.31
282,Company_0282,Healthcare,70,3718624.11,21402.37,35249.42,574.97,82.31,77.08,569.65,429.74,45.5
283,Company_0283,Agriculture,332,11397894.87,750616.48,7461.85,746.62,30.23,98.24,172.05,385.17,34.5
284,Company_0284,Technology,233,425633.28,183553.74,34812.22,353.73,76.9,72.04,52.91,121.93,62.31
285,Company_0285,Logistics,457,8397579.44,707781.11,17885.94,378.47,80.45,78.87,580.17,566.65,40.08
286,Company_0286,Construction,42,16024052.4,46061.97,1493.86,264.82,18.9,34.18,888.49,581.11,14.95
287,Company_0287,Retail,178,11961804.77,498642.89,24395.47,35.84,90.11,16.5,890.3,661.07,28.34
288,Company_0288,Agriculture,102,8303741.34,452207.7,46315.89,542.42,66.15,29.74,100.44,246.82,43.86
289,Company_0289,Construction,83,1279196.06,22976.15,4837.6,824.78,63.13,48.03,101.5,186.22,47.15
290,Company_0290,Retail,247,16906627.67,260515.65,20174.63,491.65,66.19,9.11,546.41,463.02,32.93
291,Company_0291,Technology,100,9026350.36,225370.85,23520.37,230.11,32.83,6.16,753.47,529.59,15.94
292,Company_0292,Technology,418,10920690.32,777150.32,29691.46,555.83,81.47,81.84,421.54,519.88,47.46
293,Company_0293,Construction,298,17656746.61,391484.58,4408.27,903.26,70.72,50.21,900.95,757.92,20.31
294,Company_0294,Logistics,66,18995245.37,370250.99,47478.54,171.33,28.01,19.27,47.46,145.17,43.29
295,Company_0295,Agriculture,426,12619079,670604.33,13265.37,911.25,87.7,6.7,391.16,531.09,23.58
296,Company_0296,Healthcare,271,9271512.19,701303.68,39434.26,624.94,54.42,41.96,417.37,516.52,29.24
297,Company_0297,Retail,478,2291569.44,628044.86,39394.41,868.14,84.81,87.79,267.82,434.83,46.89
298,Company_0298,Construction,24,3609554.62,334319.69,31103.1,682.41,44.15,39.58,879.56,699.87,10.92
299,Company_0299,Construction,476,5517970.23,310503.74,17224.37,794.68,36.43,84.28,858.94,698.49,25.83
300,Company_0300,Agriculture,73,6149512.86,600104.44,38814.53,324.26,71.95,60.5,93.84,246.13,57.86
301,Company_0301,Hospitality,384,9792314.53,422871.11,19008.56,60.92,77.28,6.56,711.02,533.4,36.01
302,Company_0302,Manufacturing,93,4016716.25,669685.35,41930.35,253.24,48.8,91.8,706.11,623.59,39.45
303,Company_0303,Hospitality,330,18476856.65,551316,12475.94,491.34,47.92,96.05,477.21,486.83,39.15
304,Company_0304,Healthcare,388,16651229.99,90505.7,1858.8,54.4,82.57,77.98,218.25,157.31,64.94
305,Company_0305,Agriculture,142,13101429.19,420359.36,43299.18,967.3,67.99,47.41,136.65,328.71,40.96
306,Company_0306,Agriculture,134,12245208.88,755543.88,35780.65,710.82,33.41,89.55,852.33,797.73,14.67
307,Company_0307,Healthcare,351,10508630.39,506412.76,29432.11,12.31,94.95,96.65,840.18,621.33,52.78
308,Company_0308,Healthcare,157,13751380.09,395755.97,17146.04,280.1,37.64,27.69,657.84,516.61,27.13
309,Company_0309,Agriculture,81,10442412.99,207435.62,3310.35,858.03,78.85,40.41,322.99,371.56,33.75
310,Company_0310,Construction,156,5336640.2,346481.24,19719.61,40.14,70.19,57.2,193.97,194.49,55.98
311,Company_0311,Construction,469,18825225.5,299627.76,15359.64,174.14,65.9,55.82,297.32,270,54.37
312,Company_0312,Logistics,489,13658304.91,281793.32,4920.34,358.51,73.26,30.71,789.15,591.09,28.03
313,Company_0313,Healthcare,242,17054034.99,387018.52,43386.47,585.66,90.27,7.12,889.98,708.58,24.92
314,Company_0314,Hospitality,276,6107443.93,62168.34,42784.87,141.68,27.03,40.92,571.56,361.6,34.67
315,Company_0315,Technology,446,14370235.43,627574.12,24635.25,632.88,25.03,63.45,9.69,252.17,41.04
316,Company_0316,Logistics,300,15336777.98,401870.13,38296.67,92.6,62.23,63.35,406.38,338.88,48.96
317,Company_0317,Manufacturing,278,4148402.17,311019.1,1196.82,325.6,80.82,19.06,678.36,521.08,31.38
318,Company_0318,Technology,164,2752829.85,319169.37,29639.2,171.19,80.03,29.82,294.37,267.54,51.42
319,Company_0319,Technology,227,17781886.07,796468.48,17465.28,901.88,40.54,18.84,948.34,885.04,0
320,Company_0320,Agriculture,119,14597942.8,122340.51,36836.79,591.74,24.36,36.66,652.29,509.97,24.29
321,Company_0321,Healthcare,399,10787722,57897.83,49736.67,663.66,65.55,1.97,691.3,520.47,21.26
322,Company_0322,Healthcare,247,14096990.65,180286.03,34444.13,14.26,45.77,10.1,522.71,348.38,37.87
323,Company_0323,Hospitality,430,17992714.12,419036.13,31076.05,286.29,76.7,49.77,610.96,498.72,43.93
324,Company_0324,Agriculture,188,14128047.65,250373.94,2450.58,498.87,27.65,93.31,333.95,337.74,44.17
325,Company_0325,Retail,432,11568224.75,405401.14,47497.58,780.63,16.38,72.36,905.26,748.71,10.94
326,Company_0326,Healthcare,140,9392691.67,97850.95,9147.74,44.25,34.7,80.16,316.14,206.01,49.8
327,Company_0327,Manufacturing,9,17069574.76,537416.92,8940.36,360.74,47.21,62.18,879.08,714.05,27.18
328,Company_0328,Logistics,63,8135394.78,770601.75,13955.74,388.79,82.31,79.99,650.6,625.39,36.58
329,Company_0329,Manufacturing,487,16918126.98,100896.22,45605.72,485.26,58.36,43.82,613.27,450.39,35.88
330,Company_0330,Logistics,252,18423880.12,108091.23,20858.57,50.74,32.24,31.42,706.05,444.71,34.15
331,Company_0331,Agriculture,494,13462918.29,283874.5,26393.61,702.08,18.1,66.17,252.33,320.76,34.71
332,Company_0332,Hospitality,81,16812853.82,455508.5,49395.69,59.29,64.69,15.69,849.6,615.49,31.49
333,Company_0333,Retail,389,9934629.63,207895.62,48522.18,55.1,28.93,64.33,406.26,299.29,44.04
334,Company_0334,Construction,50,17160466.64,368713.13,6375.99,499.89,65.54,10.26,415.28,405.19,26.93
335,Company_0335,Retail,410,12163224.87,502871.6,15577.6,510.8,27.58,67.15,950.6,765.43,11.21
336,Company_0336,Agriculture,437,9198307.66,456917.66,31178.02,475.77,65.86,71.59,118.45,241.48,49.98
337,Company_0337,Technology,186,16631700.94,772258.27,14953.19,524.38,69.68,4.58,168.33,369.91,35.45
338,Company_0338,Hospitality,59,5234928.36,172818.74,6476.92,852.93,28.33,82.46,194.63,281.16,41.43
339,Company_0339,Manufacturing,479,12738161.26,544270.58,6599.35,892.3,48.88,58.93,506.68,554.64,20.16
340,Company_0340,Manufacturing,288,18719103.96,674276.57,24405.13,510.79,88.3,17.72,580.66,578.97,26.57
341,Company_0341,Hospitality,341,12090811.23,708502.77,25453.45,387.74,93.26,91.59,763.56,687.95,47.02
342,Company_0342,Healthcare,236,16134977.25,127780.4,30324.96,887,53.55,84.31,550.07,488.76,37.09
343,Company_0343,Agriculture,107,4352311.39,577219.94,34487.26,921.59,21.28,71.04,975.3,864.17,5.22
344,Company_0344,Technology,368,2485024,294745.49,24278.31,572.79,66.71,41.75,749.13,592.26,26.11
345,Company_0345,Hospitality,418,452856.2,103046.96,19353.08,57.8,14.81,26.7,786.6,486.72,25.82
346,Company_0346,Logistics,434,1428249.91,631798.77,10598.04,543.47,40.49,45.26,618.03,596.78,23.16
347,Company_0347,Agriculture,385,13012965,323331.6,25790.65,797.85,69.17,69.29,51.74,223.92,49.15
348,Company_0348,Technology,499,11132067.03,30112.89,12941.39,622.46,76.38,87.01,830.83,581.17,41.7
349,Company_0349,Technology,391,11850029.74,595991.03,10225.22,726.29,26.45,44.88,983.54,846.58,8.81
350,Company_0350,Retail,198,1004557.81,237707.55,13579.86,165.12,81.91,0.56,469,346.84,36.58
351,Company_0351,Technology,310,1206937.74,747257.86,30972.63,663.58,51.7,57.27,361.3,487.45,29.89
352,Company_0352,Agriculture,494,3840608.13,73177.65,25504.45,418.85,55.65,9.19,225.09,211.91,38.24
353,Company_0353,Technology,155,4525216.66,607071.44,26759.7,996.65,80.01,98.11,13.76,296.14,51.82
354,Company_0354,Agriculture,495,989569.52,710814.92,19377.94,797.23,19.64,25.66,725.36,732.01,3.64
355,Company_0355,Technology,268,16095771.4,367534.38,2670.66,898.79,26.36,51.39,948.47,792.44,10.57
356,Company_0356,Manufacturing,325,1496342.08,542861.4,38792.32,865.63,46.06,10.39,540.07,575.55,18.76
357,Company_0357,Hospitality,336,16371736.09,76253.98,34459.16,28.63,70.93,3.79,77.88,66.53,52.33
358,Company_0358,Retail,299,16468062.51,730569.53,20677.82,453.87,44.38,31.64,392.55,483.89,22.61
359,Company_0359,Retail,392,14969830.41,55503.15,42488.44,360.91,52.74,28.98,687.45,468.35,28.87
360,Company_0360,Construction,200,8023242.51,535364.07,23962.39,535.8,21.59,39.1,798.5,682.4,17
361,Company_0361,Logistics,157,13610323.1,733051.75,39853.35,730.68,41.72,94.95,555.76,615.22,25.76
362,Company_0362,Manufacturing,298,12013766.77,438978.6,47375.48,308.17,73.61,90.35,347.13,356,56.28
363,Company_0363,Logistics,87,3843055.91,501170.24,13010.72,119.05,67.03,56.73,59.12,163.6,63.34
364,Company_0364,Construction,335,11083359.27,246709.08,3834.46,102.71,71.68,48.72,334.2,275.04,54.18
365,Company_0365,Retail,150,12466412.39,722092.5,16230.4,453.39,62.39,30.57,586.25,588.97,25.24
366,Company_0366,Technology,495,8680486.38,23768.87,12685.67,225.42,72.88,43.61,840.91,541.62,39.37
367,Company_0367,Construction,241,9018087.88,624318.23,24605.08,113.29,64.87,8.2,284.21,327.07,44
368,Company_0368,Agriculture,139,14724183.42,508762.73,36507.56,892.64,82.21,63.16,813.58,737.66,27.84
369,Company_0369,Agriculture,469,925794.92,223280.73,44752.3,541.98,65.58,14.86,395.54,356.61,35.66
370,Company_0370,Healthcare,73,9401082.61,418121.35,20140.87,504.66,66.33,84.8,807.51,652.45,31.27
371,Company_0371,Logistics,233,3352603.87,461758.66,28507.72,872.83,22.43,73.2,939.48,809.24,11.49
372,Company_0372,Agriculture,37,5434270.88,202534.56,33594.99,520.3,77.27,38.81,918.31,662.03,22.87
373,Company_0373,Technology,57,14133977.81,426670.87,41567.53,835.7,32.38,54.44,177.98,325.74,30.9
374,Company_0374,Retail,269,5181410.92,778685.8,11533.51,408.81,79.47,34.5,793.69,714.46,21
375,Company_0375,Logistics,230,3478995.28,80128.82,32352.11,215.46,25.89,36.22,718.72,481.22,24.27
376,Company_0376,Technology,373,2444106.21,546678.95,24211.55,592.84,65.02,41.09,247.45,371.51,39.41
377,Company_0377,Logistics,327,10350327.76,714822.18,7769.82,170.51,88.41,51.66,408.43,429.96,50.18
378,Company_0378,Healthcare,489,1897820.35,370378.62,49642.4,867.97,24.5,83.04,602.83,568.6,26.66
379,Company_0379,Logistics,324,13261045.25,226326.14,36347.25,345.96,48.54,59.06,233.66,240.96,43.66
380,Company_0380,Agriculture,272,17219915.5,413400.43,21279.85,153.81,18.19,47.59,616.67,495.64,30.2
381,Company_0381,Retail,52,9748370.52,121656.5,30372,828.38,86.24,77.49,650.99,534.82,38.67
382,Company_0382,Manufacturing,362,10690367.08,198999.28,40213.86,790.61,42.41,58.9,742.69,598.72,24.53
383,Company_0383,Retail,222,2850885.49,392170.16,12009.39,859.76,34.08,87.68,411.6,470.19,33.89
384,Company_0384,Manufacturing,300,10546304.47,425414.24,19063.98,209.39,78.36,40.88,111.05,195.87,56.21
385,Company_0385,Healthcare,442,10814876.84,460442.79,30788.09,991.84,43.78,20.37,554.34,585.34,10.14
386,Company_0386,Construction,134,19772463.63,470567.9,38822.63,401.14,21.74,86.38,123.49,247.31,48.16
387,Company_0387,Logistics,56,4446271.2,332437.51,17252.67,552.82,69.25,70.68,164.93,245.7,47.31
388,Company_0388,Retail,426,3077503.03,742172.19,22051.18,68.76,28.85,8,42.57,213.71,42.11
389,Company_0389,Healthcare,369,19277890.48,64821.17,38793.62,179.39,52.02,1.07,851.31,535.28,24.39
390,Company_0390,Agriculture,22,15722397.02,418227.32,35073.26,617.11,67.29,35.97,656.74,571.65,23.59
391,Company_0391,Healthcare,404,8108787.06,542336.4,20569.82,204.31,11.31,70.36,919.58,706.99,21.26
392,Company_0392,Technology,182,19273095.77,235676.12,30514.99,198.55,89.03,57.49,264.8,239.44,55.37
393,Company_0393,Retail,262,6026186.12,758672.06,40245.64,956.93,84.47,81.31,577.02,665.54,36.8
394,Company_0394,Construction,399,5016810.48,284935.4,38892.14,683.19,86.2,86.2,484.56,459.29,46.11
395,Company_0395,Agriculture,351,14083286.8,644125.89,20915.09,356.33,55.53,70.08,267.03,368.95,43.99
396,Company_0396,Technology,43,11180119.78,159218.88,16036.7,222.47,58.77,18.28,747.43,503.03,27.32
397,Company_0397,Agriculture,125,14761495.49,700739.15,10735.54,206.75,31.22,61.86,160.22,300.2,46.78
398,Company_0398,Construction,319,331148.79,688529.68,47920.66,848.77,41.55,31.54,898.63,821.01,5.78
399,Company_0399,Healthcare,256,3820862.89,616124.61,25801.11,400.89,73.76,12.82,528.11,522.57,34.26
400,Company_0400,Manufacturing,262,7076321.44,691112.1,38907.25,459.91,20.23,51.82,319.07,433.04,29.76
401,Company_0401,Hospitality,302,2194806.96,302049.81,43161.18,191.22,32.34,26.94,958.73,672.57,14.29
402,Company_0402,Hospitality,112,8498040.28,606712.7,18571.36,403.59,48.31,57.14,979.38,786.12,22.3
403,Company_0403,Healthcare,416,4868942.42,357130.63,19353.73,150.11,91.53,14.95,806.64,592.25,34.38
404,Company_0404,Technology,407,9835079.91,215759.75,42995.85,52.47,18.41,16.33,219.39,188.36,41.18
405,Company_0405,Retail,235,14942945.77,222619.92,18335.18,559.7,78.85,34.41,414.7,381.41,42.32
406,Company_0406,Agriculture,300,11602710.26,526322.14,9139.67,781.41,40.18,67.32,490.06,528.1,31.23
407,Company_0407,Hospitality,319,5873166.82,512735.51,7669.99,171.74,78.66,33.74,633.12,522.38,41.64
408,Company_0408,Retail,45,3407589.88,198009.99,16185.47,294.9,32.74,64.46,274.89,249.77,48.53
409,Company_0409,Technology,387,11821011.52,773110.31,20992.46,187.97,11.96,72.78,663.71,600.89,27.16
410,Company_0410,Retail,112,3504827.21,100347.26,3657.72,879.3,56.62,2.64,400.03,381.7,20.44
411,Company_0411,Healthcare,321,3274432.37,530769.49,44330.83,312.82,31.03,28.42,628.35,554,25.22
412,Company_0412,Manufacturing,22,13338272.88,691087.68,16597.47,478.77,92.87,54.06,276.05,401.32,52.67
413,Company_0413,Logistics,307,12032167.14,512217.07,31974.63,566.16,54.49,63.95,313.11,393.9,40.04
414,Company_0414,Retail,231,6295790.07,341518.97,8208.02,15.5,54.48,75.83,140.62,166.34,60.63
415,Company_0415,Construction,489,15158359.48,253696.2,38410.53,798.97,60.75,79.68,550.47,509.78,39.47
416,Company_0416,Hospitality,207,5147943.13,577651.63,32476.54,829.28,28.75,7.92,627.2,634.79,9.67
417,Company_0417,Healthcare,150,13039449.41,434916.53,13806.69,192.06,15.82,13.66,114.8,197.31,33.95
418,Company_0418,Construction,101,6548745.72,138676.46,48500.95,27.02,92.65,28.21,129.41,107.6,58.17
419,Company_0419,Retail,82,491551.97,189406.71,21302.03,786.8,52.36,37.14,698.45,583.81,17.29
420,Company_0420,Logistics,33,5476770.85,326088.98,27388,185.7,86.13,25.01,384.67,339.93,51.96
421,Company_0421,Agriculture,202,15470261.59,365509.53,37012.14,38.34,49.17,77.1,523.53,391.6,47.38
422,Company_0422,Healthcare,484,6596651.13,510748.12,2588.2,937.73,54.28,25.33,640.33,648.57,18.36
423,Company_0423,Agriculture,62,4872123.59,358646.09,1245.85,795.42,59.7,39.58,246.87,337.72,36.82
424,Company_0424,Construction,357,12005003.22,309690.96,4929.26,161.91,17.77,61.86,931.19,640.48,24.02
425,Company_0425,Manufacturing,187,12962582.95,567035.95,39677.58,130.2,29.78,98.17,789.62,619.93,37.51
426,Company_0426,Construction,380,4020712.92,557614.98,18229.29,139.06,86.39,48.53,440.31,418.55,50.61
427,Company_0427,Agriculture,295,3895209.23,291178.45,36753.92,278.95,80.66,91.45,556.75,447.31,49.15
428,Company_0428,Healthcare,424,5414315.52,306347.91,535.63,639.84,42.22,18.55,23.63,169.6,40.55
429,Company_0429,Agriculture,169,14475870.54,533465.75,27178.35,390.55,54.55,49.75,553.71,511.91,31.34
430,Company_0430,Technology,61,2105874.69,533935,2666.97,938.11,25.18,3.13,111.52,337.28,13.65
431,Company_0431,Hospitality,341,9900210.83,506696.98,29719.9,53.84,28.76,71.78,18.02,127.14,56.07
432,Company_0432,Retail,244,16060194.99,67346.15,28121.98,938.55,45.36,36.91,709.89,567.08,16.29
433,Company_0433,Manufacturing,380,1593684.97,257045.55,47257.87,960.78,18.26,72.52,534,524.99,21.07
434,Company_0434,Agriculture,296,12581436.06,159540.36,37585.12,418.11,18.97,63.86,361.17,310.13,38.43
435,Company_0435,Retail,90,15890739.64,448973.06,25482.29,659.24,55.38,59.99,933.85,753.39,20.43
436,Company_0436,Technology,437,7560046.35,616063.81,21814.11,727.24,61.72,56.31,217.86,378.5,42.94
437,Company_0437,Healthcare,189,19240705.16,369049.84,20155.98,727.68,93.55,59.58,520.02,493.56,39.55
438,Company_0438,Healthcare,118,4453491.69,265625.65,38690.39,943.63,79.9,91.91,513.72,504.77,42.04
439,Company_0439,Retail,24,9315322.15,141763.54,13616.91,890.18,31.24,25.62,303.8,339.84,25.51
440,Company_0440,Agriculture,380,1728591,273259.8,24385.39,490.84,86.42,70.28,820.42,632.29,39.33
441,Company_0441,Manufacturing,379,16205155.21,317605.97,39116.03,922.26,38.42,87.98,437.13,461.41,28.81
442,Company_0442,Agriculture,387,13125027.83,489795.27,1066,778.53,42.51,30.48,45.98,256.02,30.69
443,Company_0443,Agriculture,83,1200292.32,590631.29,19947.69,448.39,60.59,50.47,225.98,344.71,41.34
444,Company_0444,Logistics,177,1834393.23,465723.66,2940.9,402.2,17.23,50.18,774.96,639.13,13.71
445,Company_0445,Agriculture,254,8027312.31,465637.93,28277.8,997.09,54.56,24.23,269.93,419.33,26.9
446,Company_0446,Retail,62,13500601.56,350361.67,17741.24,324.13,60.48,2.42,308.29,301.43,37.64
447,Company_0447,Construction,324,3087205.81,55004.49,40999.51,203.69,41.77,75.77,853.5,554.16,30.89
448,Company_0448,Logistics,449,16682406.17,244394.37,17491.93,805.26,35.94,47.12,335.22,368.22,27.05
449,Company_0449,Healthcare,285,9763921.34,589340.4,7496.7,700.26,11.56,58.3,665.21,650.63,9.97
450,Company_0450,Healthcare,107,15825932.19,502012.53,3127.72,656.48,10.71,38.86,274.95,371.9,25.25
451,Company_0451,Retail,14,5991412.44,709053.81,19632.9,979.89,53.23,70.97,904.35,857.16,13.37
452,Company_0452,Retail,100,4137728.96,774097.27,28254.03,713.91,13.38,92.23,308.4,475.85,31.52
453,Company_0453,Manufacturing,182,13749364.83,297194.94,15465.15,996.01,93.18,27.59,66.7,258.57,42.31
454,Company_0454,Manufacturing,488,11187799.16,238551.2,8009.55,897.69,65.84,8.78,385.3,406.26,27.81
455,Company_0455,Agriculture,218,4959144,139144.34,48541.59,910.19,37.99,54.22,210.72,294.98,34.63
456,Company_0456,Agriculture,446,2934570.9,557055.03,44982.84,910.01,46.56,90.9,771.2,725.36,22.83
457,Company_0457,Logistics,167,1542718.02,435710.01,36112.31,188.21,81.36,14.55,34.34,151.39,58.06
458,Company_0458,Hospitality,160,8971488.84,748339.45,44759.44,933.58,33.27,77.91,111.24,390.17,35.35
459,Company_0459,Healthcare,315,11427453.24,200110.85,11993.04,688.94,40.54,68.81,479.22,430.85,34.79
460,Company_0460,Technology,99,17072162.76,403327.57,7306.88,197.29,12.74,76.45,19.94,136.99,48.29
461,Company_0461,Agriculture,392,4250329.69,158121,47757.6,442.09,62.45,68.79,867.44,608.56,32.69
462,Company_0462,Manufacturing,316,14759569.24,316691.85,15988.43,613.45,73.11,59.38,527.6,470.23,41.84
463,Company_0463,Retail,236,9246628.39,704658.23,43950.11,249.49,55.72,98.38,44.06,232.28,61.52
464,Company_0464,Manufacturing,102,5965351.37,330471.12,15575.43,828.48,49.21,42.25,615.07,574.84,21.82
465,Company_0465,Logistics,242,16631891.39,372324.51,36271.02,117.61,76.19,93.78,697.63,526.59,49.14
466,Company_0466,Construction,17,3741795.86,480446.07,35775.4,205.92,48.65,25.01,693.26,548.81,30.11
467,Company_0467,Retail,51,2460465.79,370530.77,18465.7,526.2,42.65,79.11,514.11,461.03,35.64
468,Company_0468,Hospitality,27,15411554.41,731557.17,28491.83,661.23,22.76,86.88,182.97,377.61,35.12
469,Company_0469,Healthcare,378,15418882.36,368081.42,31509.42,121.97,21.18,20.29,624.45,479.92,23.42
470,Company_0470,Construction,283,16187600.36,494227.47,24926.61,220.79,66.06,45.37,444.67,411.45,37.32
471,Company_0471,Healthcare,322,12646981.43,659694.69,10778.06,188.92,14.68,34.9,149.65,282.4,34.95
472,Company_0472,Healthcare,174,18423617.03,58244.46,21139.37,182.36,67.13,61.11,693.06,445.85,47.31
473,Company_0473,Logistics,499,9215688.99,471593.71,46608.25,97.66,35.44,36.86,382.04,360.42,36.26
474,Company_0474,Retail,154,9522173.52,115178.12,43040.69,332.56,45.17,20.98,213.01,205.32,41.78
475,Company_0475,Retail,252,14536667.93,491726.86,39515.15,708.27,46.3,84.78,263.36,375.69,42.13
476,Company_0476,Logistics,319,11340159.89,425370.52,31776.95,495.04,25.29,60.94,710.04,587.04,17.99
477,Company_0477,Manufacturing,243,12584122.7,111982.06,42479.45,800.57,94.91,41.4,337.12,339.14,46.42
478,Company_0478,Manufacturing,332,4183505.35,239668.83,39614.68,311.23,53.07,32.39,11.1,99.54,49.29
479,Company_0479,Manufacturing,431,3677455.95,277801.57,17227.87,674.11,87.87,79.73,647.42,549.39,43.29
480,Company_0480,Technology,241,15722982.86,342883.39,37257.94,835.93,35.44,72.5,318.93,391.75,30.41
481,Company_0481,Technology,414,18340491.73,640710.58,3777.55,153.56,81.46,33.92,378.36,399.54,41.91
482,Company_0482,Hospitality,100,11984798.97,694383.08,37701.24,706.74,36.73,3.16,416.8,519.75,12.37
483,Company_0483,Construction,429,19024389.65,188589.11,15464.76,116.67,76.72,77.78,913.79,604.05,38.32
484,Company_0484,Construction,468,10101075.31,168365.11,46220.02,733.78,54.51,77.55,147.58,223.27,52.02
485,Company_0485,Logistics,110,14546498.52,378307.36,35827.03,524.73,10.35,93.23,688.62,574.57,21.82
486,Company_0486,Construction,460,1113567.45,426050.62,33119.72,315.92,59.09,31.21,892.67,683.09,19.84
487,Company_0487,Healthcare,277,6519165.85,364070.19,6323.72,153.57,33.26,1.53,624.83,478.67,19.83
488,Company_0488,Technology,286,6506001.25,130414.33,35365.51,286.85,30.81,7.12,615.2,437.98,23.08
489,Company_0489,Logistics,19,9520564.46,546886.83,5743.38,58.53,46.25,17.9,598.14,492.53,33.15
490,Company_0490,Construction,320,7241361.4,279219.03,10308.28,759.61,78.79,7.85,923.17,722.36,16.33
491,Company_0491,Retail,421,16086539.86,564907.54,5314.52,313.84,64.78,76.65,473.19,453.27,41.38
492,Company_0492,Healthcare,472,7396297.04,163015.4,45904.59,333.68,83.17,32.48,490.07,383.54,40.07
493,Company_0493,Construction,241,16946172,240160.75,17756.46,576.8,53.18,40.57,715.7,573.84,26.07
494,Company_0494,Retail,410,6181938.91,379560.39,29731.53,242.38,30.71,15.9,484.96,420.9,23.87
495,Company_0495,Hospitality,406,19608063.48,462424.73,17438.94,695.66,24.71,66.96,740.67,650.12,21.74
496,Company_0496,Retail,308,12002294.77,273794.91,5333.87,447.99,36.18,40.58,600.27,482.1,28.42
497,Company_0497,Hospitality,172,9987043.92,534928.51,4981.38,817.95,85.42,90.33,637.95,639.19,33.7
498,Company_0498,Logistics,236,10718865.26,324186.47,29107.61,199.69,67.93,31.66,572.43,436.19,37.05
499,Company_0499,Hospitality,372,19655090.01,288526.41,4919.73,13.08,93.85,40.42,131.92,147.36,62.71
500,Company_0500,Manufacturing,5,14126411.66,660187.56,18282.61,861.94,83.58,23.52,703.71,708.68,17.57
501,Company_0501,Hospitality,212,7754987.89,445192.65,33293.13,477.5,26,38.46,924.86,721.04,8.71
502,Company_0502,Logistics,73,429734.5,525743.61,7627.8,885.46,65.92,97.5,140.1,345.57,50.69
503,Company_0503,Construction,462,15820782.81,491455.02,21572.36,183.9,53.3,55.21,452.8,415.02,38.18
504,Company_0504,Manufacturing,300,10063507.88,590112.44,35750.43,272.9,88.76,57.64,38.29,210.68,59.61
505,Company_0505,Technology,62,11689321.87,770155.44,4463.12,731.53,54.74,85.94,751.83,747.78,24.51
506,Company_0506,Retail,130,9554541.13,598515.17,48040.35,82.69,63.86,79.81,315.94,350.54,51.8
507,Company_0507,Manufacturing,245,9189888.48,726722.96,28911.28,334.86,40,97.78,298.14,407.44,46.95
508,Company_0508,Healthcare,377,15743426.79,223145.65,31650.35,580.25,58.69,65.63,295.29,305.25,40.56
509,Company_0509,Construction,47,2711062.44,79952.56,39296.26,255.79,62.34,27.52,260.67,199.93,48.93
510,Company_0510,Logistics,342,9043732.72,650115.74,13432,702.27,51.22,79.94,862.7,778.63,16.93
511,Company_0511,Logistics,309,18692048.72,140237.23,25049.44,993.62,75.48,23.79,442.98,437.14,26.46
512,Company_0512,Technology,32,12916769.73,609277.47,6241.72,171.76,43.89,30.14,747.42,611.49,24.6
513,Company_0513,Hospitality,354,14171034.53,390179.87,7684.92,870.93,11.01,92.72,451.58,485.56,30.75
514,Company_0514,Manufacturing,54,18370700.39,517190.84,47831.09,434.63,88.03,85.84,338.29,392.12,50.12
515,Company_0515,Hospitality,241,15508390.1,604290.91,36848.52,590.78,26.57,33.74,691.83,651.19,13.92
516,Company_0516,Manufacturing,430,1545448.71,340774.04,26500.58,687.07,39.88,72.53,255.64,340.96,40.03
517,Company_0517,Manufacturing,485,11963943.93,717294.23,11232.82,601.39,20.35,95.78,90.95,312.01,39.89
518,Company_0518,Logistics,463,2394732.72,163725.13,15081.15,662.18,16.44,45.34,995.27,722.03,10.72
519,Company_0519,Technology,136,3406927.43,77717.71,38966.74,385.89,38.28,6.01,955.83,645.52,13.08
520,Company_0520,Construction,480,4173248.46,326254.87,32451.42,112.89,55.95,43.13,615.9,465.91,37.32
521,Company_0521,Healthcare,57,890245.71,74921.62,36513.48,778.35,11.6,49.77,654.6,528.23,12.09
522,Company_0522,Hospitality,141,3201827.98,277268.08,19870.85,8.69,70.15,77.1,480.75,350.99,57.58
523,Company_0523,Retail,281,4671767.47,319850.62,34618.43,780.93,20.3,53.53,991.64,785.42,4.78
524,Company_0524,Manufacturing,328,19940912.77,524718.04,18585.09,854.08,38.91,84.12,761.65,710.48,17.38
525,Company_0525,Manufacturing,500,7806440.77,168982.47,34946.17,896.98,63.6,35.93,89.44,217.8,43.34
526,Company_0526,Logistics,23,4023235.83,581396.45,29850.8,491.79,15.35,54.06,311.19,395.15,32.09
527,Company_0527,Construction,499,19917505.83,48893.29,3274.7,788.84,13.64,11.82,808.07,602.04,5.4
528,Company_0528,Logistics,384,11671045.1,741356.33,2325.44,145.88,65.58,47.12,918.43,757.36,28.14
529,Company_0529,Logistics,12,3610530.38,58967.24,15713.2,794.73,48.78,17.07,593.09,473.45,18.07
530,Company_0530,Construction,309,16023669.4,192046.57,40320.45,429.08,78.98,98.22,680.01,513.89,53.09
531,Company_0531,Logistics,169,16761256.43,638619.3,38329.28,595.12,38.52,12.07,145.53,327.94,30.17
532,Company_0532,Logistics,229,5024163.27,473948.93,7101.86,792.1,63.74,37.61,161.96,316.89,33.52
533,Company_0533,Manufacturing,96,18537511.73,571258.17,29889.66,287.31,68.95,79.22,478.63,470.55,42.39
534,Company_0534,Healthcare,272,9118298.79,206617.93,9140.17,693.22,60.68,71.72,613.99,522.27,38
535,Company_0535,Healthcare,183,8491960.23,455014.11,9999.19,986.67,93.03,61.89,863.42,760.07,25.37
536,Company_0536,Construction,399,12603992.05,182324.79,3126.92,117.12,22.68,84.38,911.93,600.36,27.66
537,Company_0537,Manufacturing,32,12968244.56,242350.33,22016.25,337.62,78.44,75.84,48.1,125.28,68.54
538,Company_0538,Logistics,85,15752741.96,398347.89,6245.22,895.6,71.32,59.27,329.34,427.56,38.88
539,Company_0539,Technology,122,15623710.52,274383.14,5354.17,739.06,83.94,37.55,224.56,304.77,43.86
540,Company_0540,Hospitality,79,4480070.21,495358.17,9314.01,376.62,48.91,19.42,361.8,392.02,30.16
541,Company_0541,Manufacturing,359,11459583.49,238871.24,5999.91,468.21,45.55,76.03,223.75,258.3,44.39
542,Company_0542,Logistics,300,19408689.67,686903.14,4780.48,857.69,51.58,99.57,593.62,639.81,27.89
543,Company_0543,Hospitality,381,17477449.73,213308.53,21995.31,226.29,88.84,94.63,914.19,617.82,46.59
544,Company_0544,Manufacturing,25,19827215.37,592111.52,25458.71,428.57,43.52,80.97,698.17,629.26,30.21
545,Company_0545,Retail,290,15110958.1,560664.67,20627.59,221.92,40.46,23.91,998.96,772.51,15.19
546,Company_0546,Logistics,365,9293800.17,464897.02,29391.18,976.54,49.42,13.86,704.62,681.78,12.55
547,Company_0547,Construction,365,12741365.6,691098.47,3999.58,893.97,38.3,3.27,428.77,558.74,15.58
548,Company_0548,Agriculture,408,13756370.59,503955.07,17116.89,932.58,53.75,91,367.17,485.15,34.55
549,Company_0549,Construction,321,1009311.83,305817.74,32584.55,706.35,57.66,77.36,142.71,261.33,48.39
550,Company_0550,Construction,382,18795129.06,472493.12,47975.63,213.75,73.33,22.54,355.95,358.41,44.05
551,Company_0551,Healthcare,32,1454709.77,289276.73,24568.23,529.05,20.43,70.98,679.92,548.97,23.16
552,Company_0552,Technology,414,13531468.3,560714.01,48915.18,883.71,26.01,88.4,91.87,320.04,33.92
553,Company_0553,Retail,60,3462371.09,107379.17,7823.73,154.75,27.36,95.21,27.58,58.27,62.86
554,Company_0554,Logistics,247,7064664.89,366210.84,32411.88,295.06,15.35,87.18,236.17,258.56,46.1
555,Company_0555,Hospitality,301,6987291.08,523919.96,16652.17,595.39,69.23,84.19,448.03,483.02,38.87
556,Company_0556,Healthcare,92,15827500.58,196889.91,18909.16,291.71,81.87,14.83,287.96,246.63,48.64
557,Company_0557,Logistics,369,10799270.37,162178.8,9180.29,709.57,86.9,79.45,165.45,243.91,61.49
558,Company_0558,Logistics,230,5356062.51,163907.33,28343.12,39.52,36.94,34.38,376.05,261.74,39.16
559,Company_0559,Healthcare,67,18424592.72,335558.62,25221.14,149.66,48.93,32.02,9.27,97.13,56.67
560,Company_0560,Technology,336,14167936.86,389650.33,14846.45,944.29,93.36,57.37,151.35,318.56,51.15
561,Company_0561,Construction,178,13845110.23,590679.61,45058.64,143.73,56.83,30.81,404.62,395.18,38.27
562,Company_0562,Retail,172,1289666,520223.87,29379.86,226.03,89.53,27.79,27.44,169.66,56.09
563,Company_0563,Retail,267,8009587.54,402562.98,30357.01,514,14.76,66.68,400.57,403.76,29.69
564,Company_0564,Hospitality,195,441377.66,289037.77,15750.22,448.35,57.69,21.57,888.37,657.7,19.4
565,Company_0565,Construction,152,3443048.81,587840.52,44937.32,729.96,45.21,83.55,599.95,613.55,26.24
566,Company_0566,Technology,38,18676429.31,480729.54,19100.73,11.59,64.3,27.33,179.02,220.09,51.07
567,Company_0567,Logistics,107,3882927.08,317780.24,27916.41,47.02,80.23,83.46,307.39,259.75,62.81
568,Company_0568,Manufacturing,410,248444.16,224888.08,47823.32,835.07,50.17,65.38,893.22,709.07,19.65
569,Company_0569,Agriculture,19,2563222.34,236229.29,49719.48,71.39,73.37,58.11,567.75,393.05,50.7
570,Company_0570,Construction,360,16401959.73,311097.73,36781.38,22.46,32.06,58.17,150.41,162.17,53.19
571,Company_0571,Technology,88,1247188.9,301707.49,31994.23,955.38,14.14,29.17,640.75,601.65,4.28
572,Company_0572,Logistics,396,2071271.32,607050.24,27413.76,873.08,80.28,68.5,304.57,451.76,42.15
573,Company_0573,Retail,278,11684923.5,662185.56,1138.43,520.58,41.71,48.49,343.61,431.58,28.06
574,Company_0574,Logistics,262,4578047.33,166965.09,44904.31,615.36,80.67,52.57,534.44,443.69,43.37
575,Company_0575,Retail,218,9317728.9,79592.25,41032.81,923.79,50.76,31.16,365.76,361.58,33.19
576,Company_0576,Technology,93,14255918.68,42432.44,40821.42,226.25,82.83,14.24,230.44,180.3,48.01
577,Company_0577,Retail,222,13878199.11,631543.18,4347.9,775.82,74.37,4.25,112.28,325.77,33.59
578,Company_0578,Manufacturing,245,2554659.92,217349.73,3779.24,669.25,74.14,78.24,920.5,702.92,34.68
579,Company_0579,Logistics,348,7160366.6,90807.86,42370.15,942.14,90.65,34.78,164.75,252.86,47.48
580,Company_0580,Agriculture,263,11490660.07,97302.43,29117.62,18.91,28.44,19.15,285.45,180.4,42.05
581,Company_0581,Retail,478,4437504.65,413272.31,35533.93,369.63,60.1,43.97,957.96,729.92,21.25
582,Company_0582,Hospitality,222,4442625.21,197492.29,6085.85,984.69,20.51,11.03,140.23,265.97,23.77
583,Company_0583,Manufacturing,47,6696685.07,110263.63,14538.77,602.39,36.52,97.62,446.74,374.89,40.29
584,Company_0584,Hospitality,101,17164120.24,717908.62,40220.6,939.39,41.23,1.28,675.79,712.42,2.16
585,Company_0585,Retail,66,3038677.72,332486.94,29732.58,106.21,88.65,97.79,69.39,121.18,72.72
586,Company_0586,Hospitality,67,4810818.85,351269.28,25205.95,765.99,75.11,59.36,757.52,641.21,33.45
587,Company_0587,Technology,248,13400204.8,761108.28,49382.4,513.86,22.53,45.46,126.58,333.52,28.93
588,Company_0588,Logistics,20,2172147.13,61224.89,3877.32,679.72,92.63,38.26,680.81,522.7,37.4
589,Company_0589,Retail,394,1715041.73,606255.6,38494.82,793.77,27.16,66.21,492.8,561.08,20.49
590,Company_0590,Manufacturing,492,15326505.15,792755.02,44066.22,123.54,48.26,85.29,445.34,483.2,40.19
591,Company_0591,Healthcare,457,14179972.23,403354.09,7157.17,717.14,51.43,10.94,676.65,601.2,17.87
592,Company_0592,Construction,248,11332657.14,141922.55,3258.99,267.07,60.24,37.78,678.11,467.08,33.77
593,Company_0593,Manufacturing,19,11891175.62,119994.49,18637.3,810.51,59.64,76.52,627.03,520.18,33.36
594,Company_0594,Technology,215,7155131.36,535767.2,12756.89,649.84,60.37,91.04,70.17,267.42,50.18
595,Company_0595,Manufacturing,280,6657113.39,379509.32,43236.74,570.21,86.62,26.66,697.48,587.14,35.36
596,Company_0596,Hospitality,297,7927955.65,466580.14,40512.17,104.56,67.38,33.6,505.25,420.18,39.64
597,Company_0597,Healthcare,191,19394669.5,177371.73,31954.49,974.24,16.4,85.03,218.01,315.98,31.1
598,Company_0598,Hospitality,416,4672542.35,599452.66,5051.91,844.97,18.05,33.68,71.93,303.74,25.25
599,Company_0599,Agriculture,182,15953904.64,528198.71,15441.43,805.11,46.8,53.99,204.08,367.22,35.32
600,Company_0600,Construction,348,15316155.86,160868.66,1420.86,704.81,83.33,57.68,216.89,256.83,53.14
601,Company_0601,Construction,142,18755825.93,435521.08,30913.9,770.27,46.87,56.61,628.62,591.15,22.5
602,Company_0602,Logistics,128,3179358.55,554539.18,15363.65,438.21,37.09,83.02,69.11,241.76,47.44
603,Company_0603,Healthcare,335,3379569.34,555746.82,12188.43,242.29,22.75,2.77,798.06,647.91,10.67
604,Company_0604,Hospitality,221,13009056.61,48862.91,8388.25,140.75,31.96,80.35,660.38,426.04,44.52
605,Company_0605,Construction,405,594193.08,690475.52,4654.51,603.59,83.71,90.06,409.97,501.87,47.88
606,Company_0606,Retail,208,18874610.41,584902.87,7457.73,116.37,72.43,93.29,524.35,461.71,56.72
607,Company_0607,Healthcare,259,17714384.27,205699.95,6552.7,807.65,37.99,58.43,393,393.41,28.78
608,Company_0608,Hospitality,116,3056702.59,156620.32,48511.21,442.28,31.62,58.95,492.91,393.75,38.97
609,Company_0609,Technology,284,8590870.07,552535.99,48184.11,880.04,89.64,36.3,717.09,683.97,19.68
610,Company_0610,Manufacturing,435,14841104.35,643174.23,3206.28,917.87,67.09,25.3,387.77,518.36,26.45
611,Company_0611,Retail,278,17365668.12,688964.77,19729.32,910.24,43.4,97.8,259.26,462.53,39.13
612,Company_0612,Agriculture,157,4365652.53,714392.45,45836.59,633.2,84.75,76.67,409.26,518.46,46.35
613,Company_0613,Construction,246,14791450.94,742667.83,16969.75,425.25,88.08,10.04,164.54,342.96,37.23
614,Company_0614,Hospitality,313,14638785.57,447227.63,16675.03,696.73,74.77,64.14,187.82,320.14,48.22
615,Company_0615,Manufacturing,210,4161491.3,258327.08,29002.56,115.27,31.22,71.36,768.77,530.15,30.43
616,Company_0616,Hospitality,410,18800480.78,372162.12,43738.54,137.84,24.75,59.3,330.94,306.64,36.84
617,Company_0617,Technology,98,7991184.77,314309.62,41816.61,572.54,11.76,2.3,560.74,488.66,9.1
618,Company_0618,Retail,241,4125670.81,566983.7,8853.42,404.03,46.46,26.02,93.62,251.16,43.68
619,Company_0619,Retail,12,14427951.79,359423.81,46039.46,456.44,67.26,11.85,715,583.51,27.92
620,Company_0620,Healthcare,152,14979571.98,318017.34,21849.78,210.57,28.32,82.41,728.07,544.14,30.53
621,Company_0621,Logistics,19,5945820.64,224203.58,31075.17,907.79,41.42,68.43,460.87,468.53,25.6
622,Company_0622,Technology,359,8071583.37,185529.78,19483.03,426.17,60.76,7.31,559.21,444.79,33.4
623,Company_0623,Construction,470,7215173.33,492972.08,33704.18,803.24,70.31,80.99,10.33,239.84,50.55
624,Company_0624,Hospitality,348,7543844.02,775085.09,28198.24,582.58,32.12,50.37,930.68,822.01,6.04
625,Company_0625,Technology,368,10702391.26,130600.67,6283.68,48.94,20.87,87.17,835.63,526.41,39.98
626,Company_0626,Healthcare,467,17563340.43,498086.63,38197.41,267.44,36.61,89.27,318.97,336.13,49.49
627,Company_0627,Logistics,289,17090066.49,532787.19,40011.9,57.96,22.63,22.99,40.68,161.09,43.54
628,Company_0628,Hospitality,64,19904994.52,743220.95,2519.19,359.74,70.27,48.52,495.52,520.16,40.44
629,Company_0629,Retail,183,2052841.99,697175.03,9442.42,172.45,53.24,27.28,891.44,723.31,21.28
630,Company_0630,Manufacturing,274,15383583.07,160843.7,46060.45,249.93,52.34,9.43,332.01,271.22,43.1
631,Company_0631,Retail,206,7596454.53,744735.79,5750.46,326.92,12.45,46.02,709.17,651.13,16.96
632,Company_0632,Healthcare,309,13228524.8,276953,2670.43,624.25,48.51,94.74,999.82,744.63,29.01
633,Company_0633,Logistics,113,17292921.11,645215.21,14506.22,799.16,73.22,54.72,604.28,641.89,24.72
634,Company_0634,Agriculture,499,15463374.24,331155.46,1515.35,212.18,43.02,40.24,648.93,484.89,28.45
635,Company_0635,Healthcare,256,16061788.34,593993.64,46124.14,904.22,61.3,35.9,100.63,337.16,31.34
636,Company_0636,Construction,458,7884172.62,229413.93,30216.87,94.77,45.92,36.82,190.42,173.21,44.93
637,Company_0637,Technology,242,13593512.63,525136.28,35824.96,931.01,54.82,64.72,88.55,314.7,35.07
638,Company_0638,Construction,158,3142409.47,119676,45193.73,842.33,54.46,29.55,52.49,186.23,35.14
639,Company_0639,Retail,266,8613287.72,93697.8,33212.34,570.64,31.54,25.49,86.36,150.77,34.45
640,Company_0640,Construction,96,15766306.43,677469.66,2740.31,419.17,69.87,31.39,725.47,652.38,25.39
641,Company_0641,Healthcare,179,19341048.61,699648.96,9765.99,189.16,73.5,60.41,872.26,724.52,32.21
642,Company_0642,Manufacturing,207,2510229.56,153953.57,24117.43,693.35,83.85,96.58,603.88,495.08,48.04
643,Company_0643,Technology,358,13541302.23,558428.82,20052.36,306.14,20.63,1.39,116.35,255.02,33.56
644,Company_0644,Manufacturing,112,9726120.44,133220.27,12468.12,842.88,82.95,53.86,90.66,198.74,47.52
645,Company_0645,Hospitality,16,2505884.63,723883.96,37069.67,448.04,51.23,1.96,452.27,514.69,19.81
646,Company_0646,Hospitality,31,6810231.11,100077.55,42457.66,434.63,45.33,49.57,580.77,424.05,39.6
647,Company_0647,Manufacturing,254,8113671.37,420417.46,36368.4,935.6,86.93,86.76,235.75,385.68,43.3
648,Company_0648,Technology,288,1457509.27,716444.21,21148.3,475.97,52.06,93.9,350.03,446.57,38.72
649,Company_0649,Healthcare,376,4005585.69,288200.96,11989.1,223.6,87.27,33.92,604.09,451.19,44.82
650,Company_0650,Logistics,457,6009202.03,574880.45,48010.27,833.92,67.21,73.46,796.99,731.01,27.97
651,Company_0651,Agriculture,149,13875811.47,87229.68,24403.04,177.42,23.29,49.22,794.52,506.27,28.07
652,Company_0652,Agriculture,112,11225244.11,799423.75,18259.94,264.5,67.54,17.47,860.16,745.56,22.86
653,Company_0653,Technology,225,2456592.01,196818.4,28318.08,488.93,94.46,78.49,770.53,569.46,45.3
654,Company_0654,Logistics,441,13864684.53,422002.21,33639.55,707.87,88.76,43.78,459.85,470.76,34.67
655,Company_0655,Retail,405,12289336.37,630081.88,47395.48,824.49,13.57,10.54,631.78,642.84,7.16
656,Company_0656,Logistics,377,5984035.16,364383.97,25541.88,733.89,18.44,64.71,337.93,401.18,31.81
657,Company_0657,Construction,217,15430542.14,25138.31,41823.26,476.3,34.37,17.13,269.69,225.24,33.95
658,Company_0658,Agriculture,82,15113483.92,433127.21,39467.18,142.3,46.45,91.8,898.57,649.73,35.87
659,Company_0659,Technology,488,789305.95,133555.76,992.46,807.22,90.21,8.48,318.23,325.77,34.51
660,Company_0660,Manufacturing,206,15232009.22,534937.41,32252.55,903,14.91,63.16,714.8,684.86,11.03
661,Company_0661,Healthcare,219,8159655.8,551079.11,27903.72,307.8,73.13,90.92,12.86,186.06,63.59
662,Company_0662,Logistics,363,8197973.85,522225.89,44435.2,626.24,62.55,44.21,348.52,417.37,37.27
663,Company_0663,Agriculture,456,6170321.96,48836.73,17057.4,726.47,72.9,12.6,991.96,710.68,12.06
664,Company_0664,Healthcare,271,6946035.82,515834.69,1659.38,890.87,55.89,25.87,833.07,756.35,9.42
665,Company_0665,Retail,379,1386925.62,310923.52,31535.98,357.7,14.06,65.1,129.13,202.9,44.29
666,Company_0666,Construction,178,19662421.14,648202.3,49455.5,567.77,86.02,62.77,535.62,556.68,37.63
667,Company_0667,Healthcare,346,15738827.4,577586.49,33785.47,715.78,54.17,24.76,331.21,438.84,30.83
668,Company_0668,Technology,237,2140159.07,575079.53,41507.66,86.54,15.29,88.85,478.87,435.15,37.45
669,Company_0669,Hospitality,306,11267575.33,627483.28,43664.73,586.38,64.1,99.65,690.57,640.21,38.93
670,Company_0670,Hospitality,426,3424286.92,414512.99,24495.84,460.42,92.28,51.32,531.5,477.7,43.25
671,Company_0671,Manufacturing,387,3305426.02,456040.82,46124.02,123.17,82.45,11.03,372.74,350.34,43.99
672,Company_0672,Retail,195,6237506.93,312078.61,15052.07,32.84,22.14,78.38,424.65,319,42.9
673,Company_0673,Healthcare,115,3824927.23,596935.05,603.24,549.8,15.74,4.47,483.77,515.77,11.69
674,Company_0674,Technology,405,7670651.48,670878.79,41767.33,137.15,21.77,63.65,762.87,632.67,21.31
675,Company_0675,Technology,50,16036270.1,538311.8,20776.6,236.66,43.61,54.1,958.29,727.25,24.76
676,Company_0676,Retail,448,3479172.68,39347.19,31690.41,772.74,36.25,64.52,645.69,511.46,31.29
677,Company_0677,Manufacturing,495,11490838.79,167728.78,24053.87,897.38,20.22,93.62,183.84,286.46,41.11
678,Company_0678,Agriculture,429,14171230.51,712371.55,22489.36,807.89,61.58,40.18,49.76,311.89,32.97
679,Company_0679,Hospitality,97,8415741.18,690525.76,16210.43,260.89,19.74,9.93,172.32,312.28,25.6
680,Company_0680,Retail,83,6274525.52,337675.62,8874.96,616.4,37.65,2.72,63.21,207.01,30.1
681,Company_0681,Hospitality,462,6619512.26,312900.26,41473.2,125.36,27.22,75.21,588.1,440.03,40.8
682,Company_0682,Hospitality,491,2478611.16,67292.94,23508.76,410.04,51.15,40.75,237.57,203.15,43.35
683,Company_0683,Retail,131,15306970.28,528209.71,6715.78,570.4,47.91,84.63,502.93,503.71,33.01
684,Company_0684,Logistics,405,5054197.41,763037.85,48086.93,557.38,13.55,81.26,961.31,838.74,12.27
685,Company_0685,Logistics,5,1391465.61,739012.36,14028.5,254.63,67.8,99.92,843.23,724.63,40.93
686,Company_0686,Healthcare,28,3396042.84,436589.64,3961.79,94.27,69.37,83.05,726.45,539.18,49.6
687,Company_0687,Agriculture,317,10195440.94,645604.11,44254.61,945.68,63.99,97.96,709.22,723.32,29.23
688,Company_0688,Technology,179,4370353.09,768014.29,16758.63,914.45,21.37,92.23,610.74,695.53,12.68
689,Company_0689,Logistics,216,11204654.96,563262.16,24704.35,395.83,16.9,87.67,653.01,581.22,31.68
690,Company_0690,Construction,349,2643628.72,778190.44,19130.63,603.3,42.87,83.91,812.81,753.05,18.55
691,Company_0691,Technology,484,4021218.98,27303.38,37285.65,759.63,67.85,70.92,195.55,221.77,51.81
692,Company_0692,Agriculture,124,19606358.58,774491.27,2321.4,495.37,69.84,60.6,12.1,255.5,52
693,Company_0693,Retail,450,5691481.57,410254,8938.62,197.8,72.8,67.22,604.96,491.7,45.47
694,Company_0694,Retail,70,5340564.72,464524.57,11784.28,525.46,76.49,19.19,679.59,582.87,29.18
695,Company_0695,Healthcare,353,11290296.35,374062.38,46925.57,642.76,90.16,5.19,939.07,744.72,23.26
696,Company_0696,Healthcare,67,13667434.81,383937.65,18392.86,760.23,85.12,22.45,281.54,370.54,37.23
697,Company_0697,Manufacturing,205,4053241.16,83810.94,28805.07,30.25,72.68,97.81,426.7,280.02,60.85
698,Company_0698,Logistics,173,6353955.98,508275.86,5287.94,482.57,78.69,59.25,628.17,569.67,34.51
699,Company_0699,Retail,247,4919512.41,285825.53,3194.43,336.92,77.5,94.35,776.87,575.73,47.89
700,Company_0700,Construction,301,2671562.17,780129.95,45877.36,380.51,85.66,69.34,783.73,721.11,37.49
701,Company_0701,Manufacturing,159,12292625.07,356834.41,5540.47,60.51,14.44,84.99,404.67,328.74,42.53
702,Company_0702,Manufacturing,237,7801616.49,640228.45,44056.94,621.13,38.87,93.76,784.01,714.55,23.26
703,Company_0703,Agriculture,60,2233255.14,484236.58,3843.45,790.47,26.46,57.32,639.18,618.01,16.51
704,Company_0704,Construction,100,5014419.06,641679.96,3494.31,315.11,47.05,95.97,755.6,654.82,38.13
705,Company_0705,Logistics,80,9496570.45,490597,14907.67,970.42,54,65.77,148.88,352.79,40.08
706,Company_0706,Manufacturing,221,7007558.84,781678.4,32207.46,205.25,15.81,18.94,478.35,499.38,19.88
707,Company_0707,Technology,441,11652532.83,771190.61,30997.11,421.6,23.79,45.43,790.25,729.34,10.49
708,Company_0708,Manufacturing,332,4615896.76,199613.73,31384.04,242.82,72.44,95.26,334.86,272.44,57.56
709,Company_0709,Logistics,427,19799585.26,302997.37,4149.69,34.87,19.79,29.06,198.43,188.32,43.56
710,Company_0710,Manufacturing,20,4142632.83,241598.69,11337.78,265.69,24.81,84.75,249.73,246.17,44.28
711,Company_0711,Healthcare,471,2203566.3,668527.67,7293.55,656.59,85.23,33.84,214.19,385.01,39.31
712,Company_0712,Technology,343,3592924.17,431002.86,40051.63,625.09,46.87,71.09,122.9,257.6,41.55
713,Company_0713,Agriculture,103,10744583.28,561596.04,16238.6,432.39,64.07,92.1,764.27,652.07,39.97
714,Company_0714,Healthcare,409,3141625,212793.89,31658.23,283.67,20.75,50.83,586.16,437.67,32.2
715,Company_0715,Construction,409,13337343.53,70600.97,25676.38,752.55,64.83,50.92,501.09,421.9,34.11
716,Company_0716,Technology,274,13951291.54,578206.9,24992.21,271.99,44.08,92.12,586.06,536.25,36.43
717,Company_0717,Agriculture,236,17290731.62,328801.98,15646.95,889.27,58.57,93.55,377.24,430.92,37.03
718,Company_0718,Retail,156,9001205.25,294228.46,29406.13,467.93,62.8,42.61,470.21,417.69,40.53
719,Company_0719,Technology,144,7770944.35,160061.27,12072.62,647.13,40.52,8.24,843.39,632.86,13.48
720,Company_0720,Healthcare,479,4709283.53,112498.55,18331.73,548.3,38.37,67.51,253.77,247.73,46.54
721,Company_0721,Healthcare,102,14171724.23,798436.65,49921.05,753.62,72.88,91.24,13.49,314.76,54.53
722,Company_0722,Hospitality,489,8234017.98,472363.95,32937.77,474.64,53.57,76.12,153.53,273.45,46.28
723,Company_0723,Agriculture,247,4827719.16,477862.84,27854.46,471.39,79.22,34.07,90.45,227.53,48.64
724,Company_0724,Hospitality,112,8885879.86,685296.42,1990.15,143.26,84.27,30.56,739.12,626.29,35.66
725,Company_0725,Technology,178,4664714.68,352061.09,37755,764.03,68.69,29.96,589.02,544.68,21.7
726,Company_0726,Logistics,83,19549418.01,795520.75,28625.45,800.15,87.67,57.39,393.93,547.63,40.5
727,Company_0727,Retail,278,7851390.06,390326.57,16777.65,962.13,64.32,30.46,175.57,333.75,30.23
728,Company_0728,Construction,18,3896503.68,74203.01,48168.23,287.4,29.81,65.96,74.63,105.29,51.97
729,Company_0729,Logistics,172,17222205.48,340471.76,8273.26,115.19,55.6,47.83,73.42,127.35,59.32
730,Company_0730,Logistics,450,4272404.7,357116.53,35628.74,477.41,61.32,93.92,589.55,504.57,44.77
731,Company_0731,Healthcare,108,347377.51,131299.75,3666.52,402.24,78.64,52.59,910.75,622.03,33.65
732,Company_0732,Manufacturing,382,2003833,524113.33,45985.35,350.05,81.62,79.23,394.13,403.55,55.2
733,Company_0733,Hospitality,132,3755646.57,501834.48,21887.79,387.74,66.02,69.85,100.06,229.68,49.58
734,Company_0734,Logistics,145,17674605.48,439435.28,33499.52,71.41,71.76,90.22,909.19,657.86,44.82
735,Company_0735,Retail,193,1715366,102075.16,38443.68,329.38,48.33,25.28,508.53,370.8,30.21
736,Company_0736,Construction,200,7004422.76,331486.63,10122.98,42.59,31.3,70.91,140.8,160.33,53.1
737,Company_0737,Construction,39,1834462.87,532477.63,35822.29,440.54,50.02,27.91,165.56,281.77,39.56
738,Company_0738,Logistics,155,2658197.38,598328.26,8838.44,673.04,10.95,27.33,443.45,513.05,16.28
739,Company_0739,Agriculture,231,13995498.8,672470.89,40669.84,642.81,70.89,89.7,393.67,494.57,38.42
740,Company_0740,Manufacturing,29,15493711.97,618349.11,46476.62,377.77,30.28,9.14,424.57,446.21,20.74
741,Company_0741,Agriculture,353,13445199.22,192042.92,44173.16,797.94,80.59,16.79,171.21,262.11,36.5
742,Company_0742,Technology,170,11328671.52,167847.08,10752.41,543.99,89.81,12.08,217.71,247.05,42.45
743,Company_0743,Hospitality,339,6461556.38,323565.59,23209.41,70.69,79.28,64.99,372.14,313.43,53.45
744,Company_0744,Healthcare,397,12057608.11,786819.94,5539.77,538.5,94.2,85.05,175.6,363.66,56.64
745,Company_0745,Hospitality,352,18506157.35,621697,7080.11,179.45,74.75,68.76,978.13,755.89,28.08
746,Company_0746,Manufacturing,316,18259644.45,370151.02,25795.79,743.1,52.79,70.46,18.23,214.52,49.86
747,Company_0747,Retail,163,4880647.25,354228.34,12555.51,83.99,21.69,49.87,206,217.24,44.91
748,Company_0748,Agriculture,477,14561106.77,791070.07,22464.45,877.95,21.41,31.75,788.04,801.49,3.57
749,Company_0749,Hospitality,336,16291668.7,605429.71,11836,734.21,39.13,20.58,58.8,278.42,35.68
750,Company_0750,Agriculture,316,17479574.5,426748.1,9585.5,631.63,15.49,49.16,953.89,772.72,12.09
751,Company_0751,Agriculture,69,2016835.97,482251.91,41645.43,932.15,30.09,7.82,726.36,689.97,5.15
752,Company_0752,Agriculture,222,3693423,214196.16,14624.97,451.03,64.03,27.19,782.38,589.03,31.08
753,Company_0753,Hospitality,198,3521767.55,364273.34,25511.98,736.25,74.63,81.96,794.59,677.86,30.77
754,Company_0754,Retail,393,18147849.32,254180.61,27091.29,555.09,24.93,38.05,309.32,326.74,31.19
755,Company_0755,Construction,41,6798035.97,577593.43,10187.93,916.55,10.36,86.17,731.72,713.43,11.74
756,Company_0756,Hospitality,486,8014064.04,598911.31,19509.85,311.27,93.94,7.12,885.57,707.91,21.87
757,Company_0757,Logistics,104,15306426.94,766535.56,38677.88,752.82,39.63,70.91,636.8,679.27,16.29
758,Company_0758,Hospitality,479,8595998.69,212497.61,24147.42,921.86,40.72,70.66,33.11,197.96,39.37
759,Company_0759,Construction,488,13685116.39,218344.67,30306.39,952.02,81.53,1.23,772.12,647.77,20.51
760,Company_0760,Hospitality,366,11805976.49,722776.61,26167.58,192.88,45.95,82.97,256.61,357.55,52.47
761,Company_0761,Hospitality,305,6297981.56,341055.01,43881.82,729.01,17.55,63.62,777.81,654.41,11.71
762,Company_0762,Agriculture,481,15016146.97,565227.02,817.81,172.56,51.8,9.69,774.87,623.76,20.71
763,Company_0763,Healthcare,380,8732801.93,157593.01,9726.8,138.66,51.35,50.26,114.69,117.67,52.4
764,Company_0764,Agriculture,35,15048331.56,651159.33,9998.3,983.03,84.09,44.07,913.41,856.11,16.11
765,Company_0765,Retail,155,1896999.86,117251.63,3680.99,34.52,29.96,48.52,761.73,491.34,29.86
766,Company_0766,Manufacturing,345,11732419.88,790342.69,5293.67,524.72,10.62,60.3,986.96,853.24,9.82
767,Company_0767,Construction,392,6873193.37,354973.82,18853.86,890.7,94.95,81.68,941.29,773.82,29.03
768,Company_0768,Manufacturing,187,17486933.16,648890.76,652.69,871.19,44.15,83.54,925.41,847.63,10.7
769,Company_0769,Healthcare,491,14045439.5,655740.37,18737.28,620.26,66,47.52,416.06,502.85,37.97
770,Company_0770,Technology,13,12748790.55,701278.9,48495.08,737.13,67.62,23.36,487.11,563.37,27.13
771,Company_0771,Technology,224,18793878.11,754352.54,24068.03,660.05,69.46,10.05,387.93,508.21,27.83
772,Company_0772,Manufacturing,70,10058916.12,87930.11,41701.53,996.32,93.91,46.68,896.93,690.49,25.66
773,Company_0773,Agriculture,129,4390488.26,607536.97,33157.38,93.98,46.97,71.58,164.43,246.06,56.61
774,Company_0774,Healthcare,117,14439664.66,539427.49,47599.44,672.25,66.57,92.27,635.38,607.08,39.29
775,Company_0775,Technology,451,4631363.09,469258.23,46230.45,69.34,39.17,91.02,744.25,559.76,40.68
776,Company_0776,Hospitality,418,4820675.41,222093.28,14903.34,115.83,38.92,59.22,192.22,169.39,52.39
777,Company_0777,Logistics,441,6404771.37,316552.18,36977.44,314.24,60.16,18.99,391.2,352.52,40
778,Company_0778,Logistics,271,13342107,480805.27,5776,14.14,82.45,31.59,817.07,606.63,33.61
779,Company_0779,Construction,80,12109015.19,133779.14,33434.86,802.29,69.75,59.89,312.35,321.39,39.55
780,Company_0780,Construction,328,16608008.63,406119.91,35354.95,379.83,93.4,33.31,828.75,651.54,35.01
781,Company_0781,Agriculture,363,14767366.38,740063.13,38913.92,857.49,71.83,29.91,815.94,784.96,10.56
782,Company_0782,Manufacturing,285,7967254.35,349501.23,23934.37,351.57,43.27,7.18,728.12,571.34,23.52
783,Company_0783,Hospitality,54,2791833.53,606767.85,29228.99,806.05,82.23,70.96,460.24,545.47,33.78
784,Company_0784,Construction,154,17964918.12,183617.75,40315.74,199.68,65.36,36.22,856.86,587.93,34.55
785,Company_0785,Logistics,197,19017883.46,353146.63,42162.17,926.36,18.16,97.42,183.73,336.43,40.43
786,Company_0786,Technology,308,8789664.5,135883.29,36266.25,248.78,20.1,39.66,306.18,243.07,34.42
787,Company_0787,Hospitality,402,13897538.03,640353.66,33096.68,778.84,83.52,65.03,278.84,431.15,41.27
788,Company_0788,Retail,64,1836212.41,401590.38,33605.21,512.2,11.96,57.3,574.77,516.62,24.67
789,Company_0789,Logistics,201,9786991.25,522785.39,21966,573.57,18.45,6.35,909.34,746.43,0
790,Company_0790,Manufacturing,206,11209991.24,438405.1,40703.71,491.12,54.11,58.47,715.18,596.58,25.49
791,Company_0791,Agriculture,499,13239931.15,111514.33,43169.17,696.74,10.45,44.72,317.72,322.24,27.49
792,Company_0792,Logistics,49,11337424.95,684131.08,2232.76,980.03,53.02,36.36,546.71,637.6,20.85
793,Company_0793,Manufacturing,132,6151879.56,758047.4,26212.43,783.89,66.03,44.49,579.19,640.71,23.8
794,Company_0794,Technology,315,10856547.84,183674.81,5400.95,820.66,30.15,18.81,303.21,334.29,28.9
795,Company_0795,Agriculture,307,7309490.21,120223.85,31304.48,78.99,31.67,38.18,904.14,576.39,21.58
796,Company_0796,Healthcare,351,8621798.61,561721.99,27027.26,75.21,72.28,99.54,698.32,566.85,47.42
797,Company_0797,Logistics,219,16467042.53,266761.06,39495.31,382.05,91.94,24.75,273.77,277.63,51.12
798,Company_0798,Hospitality,38,6721278.69,89399.84,45507.65,779.18,22.44,79.81,277.28,303.64,41.45
799,Company_0799,Agriculture,198,19045300.64,630532.22,6613.42,528.84,84.42,58.88,807.76,719.7,28.77
800,Company_0800,Healthcare,287,5566868.55,97271.6,2874.18,321.41,73.91,18.07,807.05,543.2,33.8
801,Company_0801,Hospitality,249,11927740.46,222067.6,34489.59,714.66,65.89,14.27,569.72,499.2,29.62
802,Company_0802,Technology,367,15595057.59,549007.88,21203.07,460.5,47.31,35.4,471.32,483.38,33.51
803,Company_0803,Agriculture,161,12785577.92,87814.98,15630.24,771.73,81.85,63.47,81.31,181.7,50.36
804,Company_0804,Manufacturing,48,14919507.25,452244.62,24896.1,874.98,91.78,42.4,511.14,536.38,33.47
805,Company_0805,Retail,212,475225.19,168343.52,41654.17,12.25,46.12,53.43,348.34,233.04,52.02
806,Company_0806,Manufacturing,315,9083310.46,151455.22,46544.18,764.89,86.82,17.48,370.22,372.06,35.57
807,Company_0807,Manufacturing,221,10011055.66,152977.49,48501.56,341.27,67.72,83.17,851.52,583.19,38.04
808,Company_0808,Construction,155,5442065.6,21742.76,31743.23,396.65,88.46,92.91,959.34,630.23,48.16
809,Company_0809,Construction,461,12431424.09,400847.84,18109.33,617.45,37.93,35.39,10.13,181.1,36.65
810,Company_0810,Technology,9,2206488.02,403795.97,4694.82,516.75,23.07,12.38,489.98,469.34,19.88
811,Company_0811,Agriculture,245,8028104.76,253442.26,21702.9,186.27,78.98,10.87,441.38,339.34,39.24
812,Company_0812,Technology,387,8792411.06,300204.66,43590.45,202.47,26.11,4.03,397.57,329.09,32.36
813,Company_0813,Logistics,346,4140040.1,393850.09,33429.52,269.47,45.79,55.01,800.82,605.09,27.08
814,Company_0814,Hospitality,261,14574692.22,598676.7,41369.15,135.76,91.4,79.27,130.49,241.44,60.07
815,Company_0815,Agriculture,31,13630544.31,286869.98,48833.71,738.74,46.92,28.95,488.5,460.41,22.74
816,Company_0816,Logistics,378,10322548.74,214584.09,38453.02,864.85,94.51,24.74,821.51,672.31,26.21
817,Company_0817,Retail,363,14663042.93,496658.35,9839.12,855.6,63.46,14.87,124.86,319.39,29.91
818,Company_0818,Agriculture,480,3094940.8,33775.85,10382.35,865.03,42.33,52.5,701.66,539.59,20.51
819,Company_0819,Hospitality,250,1414724.53,353116.81,3056.95,114.5,40.9,94.3,713.03,528.33,45.19
820,Company_0820,Logistics,25,210611.38,535135.99,16421.16,288.89,33.81,60.65,433.75,432.32,35.27
821,Company_0821,Technology,160,2408266.55,541779.08,34306.59,771.61,21.08,36.06,810.99,722.92,7.58
822,Company_0822,Technology,126,13074917.2,183825.98,19510.44,887.76,21.09,74.26,124.75,242.24,41.04
823,Company_0823,Agriculture,103,14152269.07,741890.5,4206.54,548.85,39.15,72.54,989.7,857.58,16.76
824,Company_0824,Manufacturing,70,3995793.21,449386.63,13000.01,877.69,82.54,90.68,975.25,811.25,26.72
825,Company_0825,Retail,471,8835290.11,396600.08,26426.26,952.68,77.23,16.69,277.78,389.37,29.17
826,Company_0826,Manufacturing,411,19454985.18,168348.92,40819.41,497.55,55.26,51.35,79.61,155.73,50.17
827,Company_0827,Hospitality,210,12222923.91,181401.19,678.23,574.04,60.33,0.89,928.98,678.59,14.19
828,Company_0828,Healthcare,160,17079006.56,251163.68,13791.48,123.51,29.03,53.36,295.38,245.75,48.52
829,Company_0829,Healthcare,479,2832833.58,701238.62,3050.24,980.12,94.11,21,120.6,381.71,37.72
830,Company_0830,Technology,171,1848273.89,570260.14,27689.12,723.47,44.71,61.15,328.01,446.75,35.19
831,Company_0831,Technology,117,14663438.21,238158.05,13171.37,20.56,65.87,86.8,939.32,614.55,45.07
832,Company_0832,Hospitality,489,13145729.43,698620.11,31898.12,553.12,79.43,22.06,272.45,409.46,39.96
833,Company_0833,Hospitality,84,9031906.93,589253.29,21978.23,152.59,50.72,49.6,462.09,431.14,35.9
834,Company_0834,Construction,487,14643703.85,525100.13,1541.84,167.1,25.11,39.42,609.78,520.82,21.75
835,Company_0835,Agriculture,237,18200794.89,776900.66,5461.57,529.14,71.77,80.8,605.28,629.21,31.23
836,Company_0836,Manufacturing,395,16644239.23,749048.63,7042.86,771.27,32.75,93.86,601.64,648.09,20.01
837,Company_0837,Retail,282,14775403.9,283944.14,35519.06,206.31,50.84,56.29,447.1,366.93,41.36
838,Company_0838,Logistics,129,1306335.03,559792.13,31560.55,127.46,80.12,10.28,300.25,328.99,47.41
839,Company_0839,Logistics,5,18260905.85,38720.68,21643.2,151.64,65.71,22.59,879.6,552.49,35.27
840,Company_0840,Retail,256,3557269.42,105905.81,5535.94,956.07,40.37,61.57,122.76,225.08,43.4
841,Company_0841,Manufacturing,314,3191838.78,354330.16,17074.78,185.46,46.15,89.31,688.72,517.14,39.09
842,Company_0842,Retail,143,18341440.24,536150.74,46677.65,811.67,70.46,7.64,7.17,241.43,33.41
843,Company_0843,Logistics,168,3126047.62,368422.41,39944.11,976.46,79.25,11.32,430.32,482.23,22.21
844,Company_0844,Technology,70,3801072.26,320313.57,16306.13,426.71,68.94,41.39,794.53,614.13,32.49
845,Company_0845,Agriculture,201,8489460.7,407739.79,26921.65,534.81,79.82,38.46,583.06,523.56,35.56
846,Company_0846,Agriculture,364,1927554.35,302133.36,10562.34,851.34,40.8,47.39,137.92,283.78,38.96
847,Company_0847,Technology,439,17016716.58,627344.56,7397.79,463.09,81,55.15,931.69,776.89,23.75
848,Company_0848,Agriculture,33,14990508.14,111443.93,34941.15,147.36,72.31,69.61,427.59,305.44,50.95
849,Company_0849,Retail,249,16781256.45,698972.04,1994.19,368.42,16.71,7.71,571.34,556.54,9.78
850,Company_0850,Logistics,245,14922447.18,603523.56,35078.91,303.01,44.98,33.73,782.49,651.92,19.48
851,Company_0851,Logistics,35,17646911.42,45052.9,37681.08,505.78,10.92,83.27,681.5,478.51,29.68
852,Company_0852,Healthcare,475,11526889.65,258706.49,11752.09,931.79,33.11,9.19,380.67,413.83,20.21
853,Company_0853,Hospitality,321,1308737.07,325986.95,41214,976.11,61.43,7.72,693.96,634.74,14.49
854,Company_0854,Hospitality,428,7733307.21,62643.89,18888.17,427.1,32.94,10.44,365.89,283.68,29.15
855,Company_0855,Agriculture,149,3422655.99,103042.34,10989.54,15.92,87.32,18.77,205.72,133,56.14
856,Company_0856,Retail,296,11382976.9,459716.67,39616.17,50.45,36.74,94.35,13.44,123.43,59.08
857,Company_0857,Hospitality,261,4058697.39,606436.97,36421.56,973.98,69.73,9.74,410.25,529.03,16.76
858,Company_0858,Logistics,17,11826075.08,318047.15,29524.73,852.77,34.66,15.15,465.79,469.2,13.51
859,Company_0859,Agriculture,457,4469814.5,551538.6,7472.7,719.96,94.44,50.16,992.32,829.1,23.42
860,Company_0860,Technology,234,15749966.8,284436.15,18335.66,856.67,46.63,89.07,775.3,657.04,23
861,Company_0861,Retail,495,3217547.85,509675.92,25127.38,805.7,22.12,87.05,549.4,558.54,27.76
862,Company_0862,Retail,260,2063457.08,264700.59,46735.77,165.67,33.81,36.33,93.78,143.71,49.18
863,Company_0863,Healthcare,247,19573978.46,615254.17,22381.25,924.54,89.89,97.17,490.82,579.72,39.23
864,Company_0864,Hospitality,443,12469733.37,550856.13,22320.97,514.92,63.09,31.36,88.07,259.53,42.13
865,Company_0865,Manufacturing,322,19553146.42,64505.77,39634.24,701.25,57.67,15.46,109.77,179.66,40.46
866,Company_0866,Retail,119,7886815.38,380577.29,5128.4,468.55,64.61,90.01,467.53,444.23,48.4
867,Company_0867,Hospitality,398,8775665.04,333185.97,3691.34,345.71,61.37,21.26,742.58,578.41,25.9
868,Company_0868,Logistics,490,9505357.39,519368.78,16349.24,36.17,61.09,38.03,936.78,690.11,27.22
869,Company_0869,Construction,114,1270734.8,697056.07,47655.93,685.25,32.94,63.57,88.17,328.57,35.01
870,Company_0870,Healthcare,452,14301692.71,699605.52,26476.51,671.3,32.05,83.05,96.98,315.75,38.86
871,Company_0871,Healthcare,89,4132385.12,754714.48,24340.45,537.83,76.63,96.56,439.6,514.86,46.71
872,Company_0872,Manufacturing,292,15704833,485760.34,4351.53,669.62,62.4,32.37,986.44,794.97,16.38
873,Company_0873,Technology,12,3180024.34,377754.07,7800.59,864.98,19.66,97,409.35,459.38,25.57
874,Company_0874,Construction,487,16683714.39,118059.42,22741.77,969.61,18.28,21.86,979.14,754.04,0
875,Company_0875,Logistics,312,7675620.12,291506.73,47642.66,971.89,59.03,1.44,814.71,707.16,11.51
876,Company_0876,Retail,363,10082787.14,799257.57,20995.66,354.97,80.4,42.58,974.2,830.86,26.9
877,Company_0877,Construction,224,7587805.43,451147.79,8551.53,438.7,34.23,65.96,681.88,575.04,29.53
878,Company_0878,Retail,49,16157607.3,100973.39,32656.42,618.18,44.96,49.64,752.97,551.21,21.88
879,Company_0879,Construction,262,11708424.92,45455.72,14850.27,423.54,28.94,45.46,384.17,301.49,35.65
880,Company_0880,Retail,184,19358798.82,732942.87,20940.27,821.32,69.83,74.12,12.57,306.48,43.93
881,Company_0881,Healthcare,142,17616221.78,226309.28,42004.97,796.16,45.25,24.16,900.69,708.12,5.94
882,Company_0882,Logistics,409,7613233.66,657031.47,41091.7,601.95,38.48,95.92,992.86,845.43,23.74
883,Company_0883,Agriculture,320,12959800.29,666268.92,40165.92,579.96,20.95,63.63,977.47,836.57,12.93
884,Company_0884,Logistics,228,4773196.18,573819.39,6753.35,122.78,59.04,39.2,763.36,601.55,34.36
885,Company_0885,Logistics,490,6583611.71,92738.45,1769.19,16.48,75.45,15.3,620.01,386.79,47.1
886,Company_0886,Hospitality,17,14898324.55,121827.45,22958.46,633.34,40.44,23.97,898.42,658.57,14.41
887,Company_0887,Agriculture,376,15644573.26,633117.6,38634.38,660.96,33.37,93.5,629.3,622.24,28.46
888,Company_0888,Retail,61,9290728.93,484797.66,5800.29,286.05,86.04,9.28,496.77,454.94,40.43
889,Company_0889,Hospitality,56,9922531.76,37126.44,4142.01,959.42,16.49,68.73,378.38,373.95,31.26
890,Company_0890,Logistics,97,6115348.66,724837.77,33153.49,633.06,82.66,11.72,346.1,476.89,36.2
891,Company_0891,Manufacturing,86,10530621.4,218510.8,6518.88,608.08,55.56,51.8,762.16,598.81,25.36
892,Company_0892,Agriculture,20,6685286.62,191413.67,36523.32,940.15,32.75,48.16,953.46,753.98,8.88
893,Company_0893,Healthcare,244,14954850.23,406725.33,25876.5,402.94,26.41,17.3,688.62,557.55,14.96
894,Company_0894,Hospitality,57,11756235.46,617830.12,15923.46,795.13,91.07,48.78,883.44,795.32,25.29
895,Company_0895,Technology,323,2329670.41,318775.76,10386.18,356.15,86.32,81.93,452.16,386.62,58.76
896,Company_0896,Healthcare,305,8314203.65,491028.03,43923.98,950.63,55.09,39.83,119.08,320.62,33.12
897,Company_0897,Logistics,188,5057299.27,187843.65,18897.18,149.31,36.73,0.96,689.85,468.93,21.2
898,Company_0898,Technology,465,4806445.09,71663.41,14538.91,216.11,28.48,56.1,717.68,462.01,35.61
899,Company_0899,Retail,298,17874747.6,348965.11,37931.96,321.19,37.21,19.71,803.71,607.67,23.75
900,Company_0900,Hospitality,66,2657035.05,153488.99,16680.3,385.94,59,28.5,645.45,466.41,37.18
901,Company_0901,Construction,150,2794949.41,774145.77,2331.91,535.8,54.84,33.74,21.19,277.22,43.2
902,Company_0902,Hospitality,375,6159765.8,267407.94,17618.31,84.37,75.84,49.38,51.84,104.64,67.39
903,Company_0903,Construction,439,12893723.28,730168.02,42232.24,938.02,18.73,22.4,826.33,816.27,1.56
904,Company_0904,Hospitality,120,3569790.76,169104.56,45162.69,372.04,86.74,98.96,934.44,641.39,42.35
905,Company_0905,Manufacturing,61,1150467.12,257346.27,13554.49,689.48,77.29,37.96,700.17,569.36,30.66
906,Company_0906,Retail,69,6522787.08,135441.16,29414.45,850.9,86.12,63.69,669.89,552.99,33.39
907,Company_0907,Construction,343,9904056.04,238822.45,38745.88,485.29,17.8,76.62,712.82,553.13,29.41
908,Company_0908,Agriculture,342,13013258.59,687573.51,34900.77,79.77,52.04,21.25,672.15,577.79,26.22
909,Company_0909,Construction,58,6940912.76,654916.43,38199.33,516.36,36.64,94.44,709.97,654.06,32.37
910,Company_0910,Retail,473,2775198.11,735023.85,19586,455.17,62.74,20.3,403.2,492.58,28.66
911,Company_0911,Healthcare,492,17422661.33,525738.71,7790.84,876.82,73.33,24.06,894.63,796,7.67
912,Company_0912,Construction,185,5458458.76,743003.62,4661.3,434.32,22.8,50.22,510.39,556.07,20.24
913,Company_0913,Retail,30,13042710.62,590961.26,21418.12,297.54,44.23,59.4,531.91,501.64,33.47
914,Company_0914,Manufacturing,335,5129096.05,106644.58,6201.8,895.58,58.89,23.88,534.47,476.17,28.32
915,Company_0915,Hospitality,205,7979131.41,191512.87,41291.4,693.23,52.09,17.1,207.56,263.66,36.65
916,Company_0916,Healthcare,380,261516.04,164361.48,45435.23,624.01,72.82,85.26,689.5,544.99,42.02
917,Company_0917,Logistics,100,6776675.26,375068.73,48131.03,667.7,46.37,2.08,974.5,761,2.32
918,Company_0918,Manufacturing,309,7172444.17,389587.53,549.82,873.85,50.17,4.52,22.3,228.25,29.02
919,Company_0919,Agriculture,273,10162300.12,608894.13,38875.2,104.49,78.33,33.57,493.21,456.81,42.61
920,Company_0920,Construction,134,7412928.77,30577.62,17955.01,711.61,85.77,77.45,857.67,610.94,38.45
921,Company_0921,Retail,143,13778526.32,588008.12,1526,978.74,82.78,65.94,145.92,371.41,40.52
922,Company_0922,Hospitality,189,4284888.92,89633.71,46072.04,380.89,19.17,27.39,628.76,445.9,27.34
923,Company_0923,Logistics,140,18224481.24,292099.14,16894.19,591.2,90.35,27.62,194.62,266.89,49.4
924,Company_0924,Retail,226,15947591.51,461996.7,39730.02,350.26,19.37,0.83,927.6,721.66,6.36
925,Company_0925,Healthcare,324,11251188.81,146833.32,24597.83,69.29,35.05,45.39,221.24,163.34,45.04
926,Company_0926,Construction,161,300786.9,294759.31,41788.45,54.65,21.71,87.87,786.34,543.65,39.72
927,Company_0927,Logistics,493,1902868.61,231121.74,49797.76,200.74,59.74,8.07,222.76,212.08,41.98
928,Company_0928,Hospitality,221,8102449.33,725247,44705.17,920.59,60.75,17.33,438.64,565.07,21.94
929,Company_0929,Logistics,354,15399675.1,215015.95,21107.46,203.53,35.92,29.73,927.48,631.55,17.64
930,Company_0930,Hospitality,54,2944475.53,364683.04,16006.39,935.21,70.57,46.84,430.53,481.36,30.35
931,Company_0931,Manufacturing,472,11266400.25,766843.57,21335.47,757.08,62.29,30.24,246.43,442.89,26.29
932,Company_0932,Healthcare,32,15155636.43,326274.27,20445.64,10.92,78.64,87.49,462.92,359.87,54.57
933,Company_0933,Retail,175,11967925.75,661113.3,28489.45,692.14,83.47,12.14,586.69,610.9,26.27
934,Company_0934,Agriculture,269,3054207.63,597530.81,25017.58,227.43,67.43,85.23,304.39,359.91,57.96
935,Company_0935,Manufacturing,417,9802111.85,556464.26,6178.09,5.04,61.32,12.1,101.38,196.61,47.59
936,Company_0936,Construction,205,1301932.6,115012.9,20525.59,982.78,79.72,84.17,548.99,489.13,41.84
937,Company_0937,Retail,226,3095678.14,36893.14,7513.47,745.88,30.46,51.15,701.13,537.78,21.44
938,Company_0938,Healthcare,346,2180389.78,479235.76,18683.3,278.81,42.79,79.99,466.64,425.34,38.43
939,Company_0939,Healthcare,239,2578504.65,323754.93,29236.63,38.91,65.29,65.72,447.26,336.97,50.68
940,Company_0940,Logistics,244,17671998.93,377513.14,951.44,162.52,52.55,86.1,214.73,229.54,57.1
941,Company_0941,Retail,94,13187201.1,294456.26,36100.85,342.59,70.79,78.67,281.95,278.92,53.23
942,Company_0942,Hospitality,39,18339968.47,523204.52,19137.88,474.39,66.01,57.6,927.78,743.12,25.19
943,Company_0943,Logistics,362,6616716.92,765051.79,17730.71,619.39,44.32,4.49,852.77,792.65,0.57
944,Company_0944,Retail,260,18697831.4,391602.15,38115.51,981.42,78.73,73.26,240.43,371.38,40.24
945,Company_0945,Hospitality,391,19471730.6,739453.12,3565.37,254.23,13.18,74.99,444.32,482.1,32.32
946,Company_0946,Manufacturing,477,3646531.33,103975.59,22750.73,137.55,64.18,55.65,199.74,156.65,59.41
947,Company_0947,Agriculture,108,14894647.35,358569.15,26662.21,791.05,17.31,2.42,960.03,782.39,0
948,Company_0948,Logistics,462,303678.46,624020.82,28630.6,865.17,38.96,68.24,957.95,845.99,10.56
949,Company_0949,Agriculture,431,4308000.64,665509.08,25292.09,359.7,86.48,85.34,802.59,693.11,40.79
950,Company_0950,Retail,296,1747247.36,630262.14,15262.24,122.34,29.6,60.15,334.27,372,43.71
951,Company_0951,Healthcare,204,14124811.62,73003.2,43637.93,968.27,16.36,57.54,853.93,657.21,10.63
952,Company_0952,Hospitality,321,1321634.34,564063.97,5988.29,473.62,87.98,26.31,34.83,226.2,47.64
953,Company_0953,Technology,459,15341771.12,128645.13,27580.82,735.2,88.55,66.33,878.88,665.06,28.69
954,Company_0954,Manufacturing,182,19624909.64,760928.07,30108.31,614.37,16.85,55.14,946.87,845.1,0.72
955,Company_0955,Manufacturing,259,10250564.45,527262.84,21860.02,306.9,82.24,97.15,26.34,192.55,69.26
956,Company_0956,Agriculture,278,12241150.13,315922.94,34337.96,23,50.98,38.71,380.34,308.13,46.81
957,Company_0957,Logistics,64,8871466.52,719774.45,49135.46,370.87,26.46,43.65,62.63,268.51,38.17
958,Company_0958,Agriculture,216,15000018.65,712901.56,39762.45,570.21,94.23,1.49,721.23,680.24,18.48
959,Company_0959,Logistics,229,3775750.86,54101.15,17808.54,656.93,30.76,29.24,608.09,467.34,18.18
960,Company_0960,Retail,44,5153937.34,444044.03,24999,736.54,40.34,91.51,224.19,341.74,46.51
961,Company_0961,Healthcare,449,13142148.64,430938.47,13742.99,699.28,52.79,5.4,900.92,739.07,9.8
962,Company_0962,Healthcare,45,4230387.71,126962.56,48808.95,234.38,73.06,21.08,375.53,275.89,42.18
963,Company_0963,Agriculture,362,8917492.72,616069.75,47675.73,26.18,81.09,27.03,590.3,506.12,44.7
964,Company_0964,Manufacturing,147,17120569.91,319470.28,1433,385.68,47.74,22.44,382.43,353.98,34.23
965,Company_0965,Healthcare,21,10922673.5,291287.54,1786.61,610.7,85.92,92.27,907.91,692.97,38.56
966,Company_0966,Manufacturing,179,14570568.39,504793.81,43354.24,783.7,88.93,75.24,808.36,717.7,36.12
967,Company_0967,Healthcare,444,19819644.93,437113.88,21479.83,720.62,75.37,26.01,960.5,784.32,20.75
968,Company_0968,Agriculture,72,18172709.36,238946.1,34288.64,278.02,94.9,77.13,299.35,269.63,57.58
969,Company_0969,Healthcare,190,5521197.52,215400.36,32825.04,772.71,11.05,30.69,662.47,550.52,15.19
970,Company_0970,Construction,241,541880.39,26919.15,2331.69,361.93,64.21,55.66,411.57,296.37,43.64
971,Company_0971,Technology,493,1468061.06,160247.05,38415.85,279.76,83.87,12.72,632.19,458.4,38.27
972,Company_0972,Manufacturing,124,2466041.95,50031.39,34379.85,861.27,59.29,4.2,718.77,571.74,18.46
973,Company_0973,Healthcare,136,519139.84,679046.1,42545.66,542.74,13.8,23.47,113.62,309.21,22.03
974,Company_0974,Retail,126,4240029.93,464885.4,41542.32,682.61,16.07,42.65,286.67,390.12,25.58
975,Company_0975,Technology,176,19506956.81,719965.94,19048.42,942.77,35,3.12,371.46,538.47,7.17
976,Company_0976,Manufacturing,59,12258955.29,650266.69,25784.41,781.97,53.2,58.15,347.33,483.96,34.26
977,Company_0977,Manufacturing,341,14579943.28,317249.94,49892.13,83.05,16.57,93.55,228.46,218.78,51.62
978,Company_0978,Hospitality,280,14714304.09,681124.16,26623.94,56.17,50.15,52.44,443.81,439.61,43.7
979,Company_0979,Healthcare,471,5031774.11,209597.21,38498.35,365.16,48.74,74.82,119.84,174.26,56.2
980,Company_0980,Hospitality,190,1777863.42,457156.56,4283.97,365.49,51.15,23.03,787.37,636.94,24.26
981,Company_0981,Logistics,478,10844794.76,625629.65,20677.06,586.83,21.74,26.03,290.45,412.43,18.5
982,Company_0982,Hospitality,263,19668305.46,469289.17,31815.17,773.78,86.49,87.64,20.43,243.23,54.95
983,Company_0983,Construction,385,2199708.33,698177.86,41776,28.81,24.19,7.3,517.32,478.67,22.1
984,Company_0984,Hospitality,186,2723569.15,563604.39,12451.03,296.92,38.63,82.47,339.96,377.24,39.66
985,Company_0985,Manufacturing,42,14827218.78,296866.95,22720.32,411.83,48.23,83.48,292.84,302.15,44.84
986,Company_0986,Logistics,375,15365923.12,734746.64,46862.76,88.37,86.13,59.36,373.02,407.77,50.71
987,Company_0987,Construction,95,10271610.39,478703.08,47266.02,101.41,35.27,34.11,566.31,456.73,32.33
988,Company_0988,Hospitality,151,6591441.44,268491.07,9331.58,147.48,79.19,73.46,989.26,678.59,38.91
989,Company_0989,Technology,55,7077443.18,149162.18,14748.24,489.2,29.01,16.93,939.51,669.19,12.13
990,Company_0990,Retail,478,4787156.82,237330.39,5250.81,554.4,53.24,16.89,600.4,501.94,28.57
991,Company_0991,Agriculture,8,9869644.72,661470.6,18792.26,285.43,90.57,42.65,447.6,474.22,43.43
992,Company_0992,Retail,371,14185179.56,678900.42,22498.05,435.1,32.36,86.45,993.11,816.22,15.29
993,Company_0993,Technology,416,1765528.17,638789.8,36504.4,330.48,53.1,27.61,632.47,578.49,28.51
994,Company_0994,Technology,461,18509653.62,358034.55,46652.22,795.23,36.99,84.14,662.82,588.93,22.04
995,Company_0995,Manufacturing,130,2910118.52,313443.06,47186.54,674.98,32.55,15.14,814.8,653.82,7.86
996,Company_0996,Agriculture,330,17542106.16,761649.55,42929.26,750.7,10.27,6.73,559.95,634.82,0
997,Company_0997,Hospitality,357,5408861.52,316626.38,29403,639.53,51.16,65.69,184.16,279.58,41.27
998,Company_0998,Healthcare,347,9804187.02,641462.02,19914.4,360.34,50.88,9.65,116.81,266.88,39.35
999,Company_0999,Healthcare,219,19393370.43,273809.7,33289.7,120.24,49.5,31.89,117.97,143.33,52.13
1000,Company_1000,Construction,435,16133481.93,401556.01,20894.14,238.69,34.73,50.75,890.36,654.75,18.72
